ID; Nome; Sobrenome; Time; Idade; Posicao; Forca; Velocidade; Resistencia; Vontade; Criatividade; Lider; Machucado; Valor
152;Lucas;Matos;Botafogo;45;Meio;81;52;74;96;9;1;0;536780.00;
266;Douglas;Silva;Flamengo;42;Defesa;17;80;28;34;19;1;0;202662.00;
805;Felipe;Ribeiro;Palmeiras;30;Atacante;93;39;54;39;91;0;0;290329.00;
703;Mauricio;Reis;Flamengo;17;Meio;40;18;98;58;64;0;0;188029.00;
597;Marcos;Silveira;Fluminense;33;Atacante;22;48;48;81;87;1;1;423845.00;
93;Pedro;Santos;Sport Club;16;Meio;9;52;72;16;36;1;0;585501.00;
709;Paulo;Ribeiro;Sport Club;17;Goleiro;28;3;5;16;18;0;1;422635.00;
981;Alfredo;Silva;Sao Paulo;16;Defesa;62;99;66;37;16;0;1;709700.00;
468;Matheus;Silveira;Sport Club;18;Meio;55;26;90;50;97;0;1;521870.00;
404;Mauricio;Lima;Sao Paulo;21;Defesa;17;11;22;79;77;0;1;211666.00;
227;Douglas;Ribeiro;Sao Paulo;16;Atacante;27;85;93;49;10;0;1;78745.00;
598;Victor;Carvalho;Fluminense;37;Goleiro;27;70;3;10;81;1;1;197166.00;
958;Joao;Silveira;Sao Paulo;42;Atacante;32;0;87;25;51;0;1;704392.00;
601;Joao;Pereira;Sport Club;43;Goleiro;27;61;25;20;30;1;0;244716.00;
360;Mauricio;Matos;Gremio;45;Meio;33;97;42;65;63;0;0;57997.00;
680;Rafael;Fernandes;Flamengo;38;Defesa;70;4;29;97;65;1;1;939389.00;
174;Gabriel;Ribeiro;Palmeiras;17;Meio;98;88;56;31;84;0;0;343763.00;
286;Fabricio;Ribeiro;Palmeiras;26;Goleiro;67;51;43;2;55;1;0;314690.00;
556;Pedro;Reis;Vasco;21;Atacante;7;24;93;71;11;1;0;11085.00;
589;Pedro;Lima;Gremio;45;Atacante;4;97;35;37;47;0;1;217924.00;
187;Thiago;Ribeiro;Corinthias;31;Defesa;15;11;20;22;35;1;0;312186.00;
78;Rafael;Reis;Sport Club;18;Meio;74;4;14;78;68;0;0;682506.00;
661;Gustavo;Santos;Botafogo;28;Defesa;16;43;69;31;54;1;0;482379.00;
470;Pedro;Silveira;Botafogo;36;Goleiro;62;29;22;35;100;0;0;677158.00;
505;Felipe;Oliveira;Corinthias;27;Atacante;52;39;31;69;83;0;0;849986.00;
542;Gabriel;Souza;Fluminense;18;Atacante;80;36;32;41;31;0;0;289613.00;
43;Lucas;Rezende;Gremio;22;Goleiro;85;29;6;36;35;1;1;473208.00;
189;Lucas;Matos;Vasco;19;Atacante;78;86;34;57;21;0;0;471921.00;
620;Alfredo;Matos;Vasco;29;Defesa;50;75;21;34;4;0;0;903794.00;
935;Carlos;Oliveira;Palmeiras;17;Atacante;22;99;50;100;50;1;1;800788.00;
143;Mauricio;Pereira;Cruzeiro;44;Atacante;79;51;47;96;25;0;0;271535.00;
906;Mauro;Matos;Fluminense;22;Meio;58;83;29;80;48;1;0;11773.00;
758;Pedro;Ribeiro;Fluminense;27;Meio;14;78;59;93;28;0;0;961400.00;
288;Daniel;Santos;Cruzeiro;39;Goleiro;27;20;37;85;70;1;1;271631.00;
578;Marcos;Reis;Corinthias;30;Defesa;15;31;5;29;8;1;0;294114.00;
987;Ygor;Silva;Sao Paulo;43;Meio;11;73;51;4;59;1;0;171781.00;
606;Carlos;Oliveira;Corinthias;26;Goleiro;67;74;74;82;5;1;0;200054.00;
591;Lucas;Matos;Gremio;20;Atacante;87;99;74;98;71;1;0;96365.00;
685;Paulo;Carvalho;Vasco;29;Meio;60;72;60;93;12;0;0;15908.00;
53;Felipe;Pereira;Cruzeiro;42;Meio;31;57;15;17;55;0;1;536994.00;
970;Gabriel;Pereira;Palmeiras;44;Defesa;55;81;45;81;53;0;1;377725.00;
122;Joao;Souza;Corinthias;28;Meio;2;47;22;100;70;0;0;258057.00;
661;Pedro;Fernandes;Vasco;41;Defesa;97;16;45;17;97;1;1;511009.00;
241;Alfredo;Pereira;Corinthias;24;Meio;12;14;37;14;27;0;0;563656.00;
456;Fabricio;Silveira;Sport Club;38;Atacante;59;4;69;21;20;1;1;300522.00;
538;Alfredo;Carvalho;Fluminense;34;Defesa;24;24;37;36;38;1;0;674068.00;
863;Fabricio;Rezende;Flamengo;25;Goleiro;81;19;14;39;23;1;0;398062.00;
283;Gustavo;Rezende;Vasco;35;Atacante;58;42;33;82;32;1;1;228610.00;
190;Ygor;Lima;Sao Paulo;26;Defesa;100;89;73;46;7;0;1;614300.00;
288;Matheus;Pereira;Vasco;30;Meio;95;79;86;19;87;0;1;679833.00;
687;Rafael;Silva;Palmeiras;45;Defesa;70;12;82;36;68;0;0;114671.00;
980;Matheus;Pereira;Botafogo;16;Defesa;6;21;39;68;100;1;0;293148.00;
367;Carlos;Santos;Palmeiras;42;Atacante;94;19;14;30;99;1;0;179828.00;
67;Ygor;Fernandes;Palmeiras;22;Meio;67;92;20;39;13;1;1;868916.00;
416;Carlos;Rezende;Corinthias;21;Goleiro;57;47;62;16;33;0;0;521418.00;
719;Joao;Souza;Corinthias;27;Goleiro;46;72;80;12;63;1;1;607450.00;
854;Pedro;Pereira;Flamengo;24;Meio;33;60;54;56;7;1;1;293362.00;
891;Douglas;Silva;Vasco;20;Defesa;16;87;34;28;58;0;1;857562.00;
755;Mauricio;Matos;Botafogo;26;Meio;76;63;34;75;90;0;0;582739.00;
867;Gustavo;Santos;Botafogo;29;Goleiro;19;48;71;2;0;0;0;577592.00;
651;Fabricio;Matos;Corinthias;33;Defesa;30;75;23;72;3;1;1;841769.00;
685;Gustavo;Silveira;Fluminense;37;Goleiro;69;96;95;55;9;1;1;540502.00;
948;Daniel;Matos;Flamengo;31;Atacante;47;16;53;78;91;0;1;937865.00;
357;Pedro;Reis;Fluminense;26;Meio;18;46;98;54;42;1;1;180084.00;
456;Felipe;Fernandes;Corinthias;45;Atacante;77;7;40;24;90;1;1;528535.00;
583;Victor;Carvalho;Flamengo;31;Defesa;74;13;68;59;59;0;1;149961.00;
397;Douglas;Silveira;Vasco;22;Atacante;71;68;5;13;75;1;0;776316.00;
104;Daniel;Fernandes;Botafogo;16;Meio;39;63;78;79;42;1;0;287059.00;
729;Carlos;Silva;Corinthias;17;Defesa;79;19;29;49;88;0;1;577371.00;
125;Carlos;Ribeiro;Fluminense;31;Defesa;55;56;54;60;18;1;1;957682.00;
226;Mauro;Fragoso;Palmeiras;31;Goleiro;53;26;47;31;45;1;0;751465.00;
467;Carlos;Ribeiro;Cruzeiro;42;Atacante;1;43;22;56;99;0;1;725703.00;
207;Gustavo;Carvalho;Sao Paulo;43;Defesa;2;52;33;55;78;1;0;141872.00;
874;Douglas;Carvalho;Vasco;27;Defesa;49;81;34;16;24;0;1;423589.00;
486;Felipe;Rezende;Corinthias;27;Goleiro;87;68;87;90;20;1;1;436746.00;
94;Matheus;Souza;Flamengo;25;Atacante;15;1;55;64;83;1;1;533453.00;
463;Ygor;Matos;Botafogo;18;Meio;11;46;82;64;13;0;1;61319.00;
251;Carlos;Fragoso;Palmeiras;38;Atacante;39;20;56;55;21;1;1;427388.00;
176;Victor;Souza;Botafogo;30;Atacante;50;22;3;61;34;1;1;154659.00;
495;Daniel;Reis;Gremio;20;Goleiro;26;65;24;31;51;0;1;464179.00;
773;Daniel;Matos;Sport Club;17;Goleiro;100;17;55;15;39;0;1;733820.00;
191;Marcos;Rezende;Palmeiras;34;Defesa;0;49;6;93;80;1;0;199583.00;
939;Matheus;Pereira;Fluminense;28;Goleiro;25;80;29;92;97;1;0;99471.00;
287;Felipe;Reis;Sport Club;21;Defesa;77;24;90;77;39;0;1;777717.00;
245;Daniel;Oliveira;Corinthias;28;Defesa;5;47;97;98;26;0;1;882257.00;
202;Mauricio;Fragoso;Sport Club;25;Meio;64;91;20;40;81;0;0;370678.00;
271;Mauricio;Fragoso;Gremio;18;Atacante;68;80;4;39;26;1;1;531966.00;
617;Joao;Silva;Sport Club;34;Meio;48;95;24;78;86;0;0;416147.00;
946;Victor;Fragoso;Palmeiras;37;Defesa;22;98;75;56;77;1;0;187463.00;
164;Joao;Rezende;Fluminense;36;Goleiro;1;39;90;15;34;1;0;704878.00;
207;Douglas;Oliveira;Vasco;26;Meio;36;97;24;24;94;0;0;113137.00;
653;Douglas;Silva;Gremio;20;Defesa;92;92;54;59;30;1;0;82129.00;
438;Joao;Ribeiro;Palmeiras;32;Goleiro;59;54;1;61;50;0;1;486965.00;
582;Marcos;Pereira;Sao Paulo;35;Meio;57;74;43;48;65;0;1;523162.00;
927;Gustavo;Carvalho;Gremio;27;Meio;8;24;72;33;78;1;0;176362.00;
455;Mauricio;Rezende;Palmeiras;38;Goleiro;58;78;63;82;51;1;1;321723.00;
857;Victor;Carvalho;Palmeiras;41;Goleiro;34;30;39;8;20;1;1;147720.00;
602;Thiago;Ribeiro;Palmeiras;29;Goleiro;71;19;72;96;97;1;1;629159.00;
469;Joao;Matos;Corinthias;33;Atacante;46;57;35;80;54;0;1;317508.00;
160;Ygor;Rezende;Cruzeiro;31;Meio;15;76;19;86;62;0;1;74137.00;
163;Victor;Pereira;Cruzeiro;41;Meio;37;36;0;83;59;1;1;380679.00;
651;Mauro;Souza;Flamengo;42;Goleiro;60;8;16;75;51;1;0;630732.00;
585;Mauro;Santos;Flamengo;38;Defesa;11;92;5;14;94;1;1;714908.00;
282;Fabricio;Pereira;Cruzeiro;40;Meio;76;87;72;35;95;1;1;579929.00;
242;Victor;Fernandes;Gremio;18;Meio;97;72;33;74;64;1;1;131113.00;
433;Mauro;Souza;Sao Paulo;42;Goleiro;67;51;56;43;37;1;0;485899.00;
722;Paulo;Pereira;Cruzeiro;38;Defesa;53;64;25;15;1;1;0;240602.00;
450;Matheus;Souza;Vasco;29;Goleiro;23;71;3;90;88;1;1;195905.00;
292;Ygor;Rezende;Corinthias;24;Goleiro;7;84;63;27;47;1;0;143256.00;
792;Douglas;Reis;Vasco;27;Meio;47;1;64;36;38;1;0;524218.00;
134;Carlos;Fragoso;Gremio;35;Atacante;15;95;100;89;78;1;1;716199.00;
351;Mauro;Santos;Vasco;28;Meio;35;96;18;49;63;0;0;696910.00;
309;Joao;Silveira;Sao Paulo;16;Atacante;87;100;11;68;61;1;0;840964.00;
243;Carlos;Santos;Cruzeiro;29;Atacante;81;50;85;83;11;1;1;951274.00;
771;Marcos;Reis;Vasco;22;Goleiro;72;59;76;25;24;1;1;241594.00;
598;Gabriel;Fernandes;Flamengo;25;Meio;54;15;85;1;65;0;1;475294.00;
791;Alfredo;Fernandes;Cruzeiro;27;Goleiro;50;20;91;89;45;1;0;632971.00;
544;Daniel;Silva;Sao Paulo;45;Atacante;48;75;94;69;90;0;1;178517.00;
452;Ygor;Fragoso;Sao Paulo;44;Atacante;68;61;35;84;48;0;1;334890.00;
760;Gabriel;Reis;Corinthias;35;Meio;56;44;92;71;85;1;0;429934.00;
221;Pedro;Souza;Corinthias;37;Meio;56;92;1;23;18;1;1;471723.00;
962;Lucas;Pereira;Cruzeiro;40;Meio;93;19;35;15;29;0;0;234313.00;
781;Alfredo;Carvalho;Cruzeiro;25;Meio;14;23;4;71;14;1;1;206673.00;
367;Mauro;Oliveira;Flamengo;45;Meio;53;75;75;11;60;1;1;476551.00;
715;Rafael;Rezende;Gremio;23;Meio;20;65;68;35;54;0;1;378325.00;
10;Victor;Pereira;Sport Club;27;Atacante;53;43;52;72;84;1;0;189623.00;
802;Alfredo;Fernandes;Sport Club;23;Defesa;85;21;85;5;86;0;1;903018.00;
364;Joao;Souza;Corinthias;40;Defesa;85;73;2;3;82;1;0;850862.00;
559;Daniel;Oliveira;Flamengo;41;Meio;87;19;1;71;40;1;0;869087.00;
143;Mauricio;Oliveira;Palmeiras;25;Atacante;96;0;11;46;39;1;1;922019.00;
547;Pedro;Souza;Gremio;34;Meio;27;47;29;13;67;0;1;716957.00;
315;Matheus;Pereira;Gremio;31;Goleiro;15;65;1;10;65;1;1;591022.00;
846;Fabricio;Santos;Sao Paulo;35;Defesa;70;44;1;98;91;0;1;922809.00;
488;Douglas;Oliveira;Sao Paulo;16;Meio;98;26;91;12;91;1;0;337650.00;
876;Gabriel;Ribeiro;Fluminense;35;Goleiro;84;46;59;53;56;1;0;531642.00;
633;Joao;Silveira;Vasco;30;Defesa;95;5;60;58;98;1;1;920293.00;
774;Daniel;Silva;Botafogo;34;Meio;34;20;51;17;67;1;0;621600.00;
520;Ygor;Matos;Sao Paulo;28;Defesa;10;66;70;4;71;0;1;413939.00;
157;Gabriel;Rezende;Flamengo;24;Meio;59;94;0;94;80;0;0;818180.00;
65;Victor;Souza;Gremio;23;Meio;55;11;74;66;77;0;0;702618.00;
556;Douglas;Carvalho;Cruzeiro;23;Goleiro;34;85;37;94;44;0;1;739705.00;
912;Mauricio;Silva;Sport Club;30;Defesa;75;75;6;97;86;1;1;848345.00;
429;Carlos;Silveira;Corinthias;39;Atacante;45;90;97;79;75;1;0;712556.00;
67;Daniel;Reis;Flamengo;19;Meio;68;95;48;9;69;1;1;813296.00;
599;Joao;Reis;Gremio;35;Atacante;84;24;84;95;13;1;0;878267.00;
986;Douglas;Santos;Vasco;28;Goleiro;69;20;25;3;14;0;1;208828.00;
829;Felipe;Santos;Gremio;20;Defesa;16;45;44;66;35;1;0;985888.00;
800;Ygor;Ribeiro;Palmeiras;42;Meio;66;45;56;1;65;1;0;853273.00;
271;Matheus;Fragoso;Flamengo;43;Defesa;74;14;82;56;25;0;0;118597.00;
433;Joao;Oliveira;Cruzeiro;28;Atacante;79;59;53;10;4;1;0;56644.00;
614;Joao;Souza;Corinthias;31;Meio;56;95;36;29;8;1;1;199874.00;
232;Daniel;Silveira;Palmeiras;21;Atacante;54;37;46;32;96;0;0;44344.00;
589;Fabricio;Fernandes;Cruzeiro;35;Meio;36;98;54;92;93;0;1;660228.00;
745;Paulo;Carvalho;Sport Club;27;Goleiro;10;33;62;64;70;0;1;59173.00;
30;Thiago;Rezende;Botafogo;37;Defesa;73;59;11;8;57;0;1;345202.00;
200;Felipe;Lima;Sao Paulo;25;Goleiro;10;69;8;20;2;0;0;166086.00;
394;Mauricio;Fernandes;Cruzeiro;28;Goleiro;96;41;98;68;100;1;0;20679.00;
781;Thiago;Reis;Vasco;32;Atacante;90;17;0;66;86;1;1;840370.00;
811;Felipe;Matos;Sao Paulo;45;Atacante;40;64;96;1;4;1;1;693718.00;
570;Carlos;Souza;Vasco;37;Meio;3;45;47;59;62;0;0;969945.00;
908;Mauricio;Silveira;Sport Club;25;Goleiro;56;59;89;96;22;1;1;936993.00;
504;Paulo;Reis;Corinthias;20;Goleiro;87;28;83;90;73;0;1;22934.00;
289;Gustavo;Santos;Sport Club;25;Meio;98;94;41;53;52;0;0;518676.00;
481;Alfredo;Matos;Palmeiras;42;Goleiro;35;18;47;21;46;1;1;754355.00;
436;Joao;Pereira;Sao Paulo;18;Goleiro;32;79;79;29;72;1;0;168455.00;
127;Joao;Souza;Botafogo;16;Goleiro;19;15;56;20;33;0;0;696467.00;
128;Rafael;Rezende;Cruzeiro;35;Atacante;91;70;46;22;14;1;1;228698.00;
610;Daniel;Souza;Sport Club;22;Atacante;21;68;34;40;49;1;0;987143.00;
516;Ygor;Ribeiro;Cruzeiro;35;Atacante;46;91;4;36;26;1;0;641159.00;
455;Thiago;Rezende;Palmeiras;17;Defesa;77;69;74;64;2;0;1;648811.00;
927;Pedro;Santos;Vasco;18;Atacante;11;80;17;23;36;1;0;526851.00;
758;Douglas;Ribeiro;Vasco;34;Meio;96;64;98;38;99;1;0;934055.00;
535;Thiago;Fragoso;Vasco;23;Atacante;97;99;11;75;44;1;1;489103.00;
722;Mauro;Reis;Botafogo;18;Atacante;66;28;40;27;58;0;1;608191.00;
919;Pedro;Carvalho;Sao Paulo;23;Goleiro;60;5;25;56;70;0;0;250631.00;
147;Joao;Pereira;Flamengo;44;Atacante;1;21;12;67;16;1;1;357006.00;
583;Joao;Souza;Vasco;19;Goleiro;12;93;92;38;98;0;0;995091.00;
147;Matheus;Fragoso;Corinthias;43;Goleiro;97;67;7;98;54;0;0;456194.00;
618;Matheus;Fernandes;Vasco;33;Meio;85;1;23;63;61;0;0;202939.00;
119;Marcos;Reis;Corinthias;16;Defesa;98;67;76;60;33;1;0;258095.00;
380;Felipe;Silva;Botafogo;25;Meio;62;54;71;13;22;0;0;732972.00;
304;Rafael;Reis;Vasco;40;Defesa;52;53;0;50;19;0;0;391953.00;
81;Carlos;Souza;Flamengo;35;Defesa;63;60;25;92;80;1;1;909646.00;
973;Daniel;Silveira;Gremio;22;Defesa;32;92;87;85;44;1;1;710895.00;
541;Gustavo;Fragoso;Fluminense;34;Goleiro;80;93;78;42;52;1;0;221306.00;
8;Thiago;Silveira;Cruzeiro;27;Meio;82;72;5;13;30;0;0;388012.00;
559;Daniel;Fragoso;Fluminense;33;Atacante;62;13;0;41;5;1;0;863902.00;
178;Felipe;Matos;Gremio;32;Defesa;31;2;35;12;40;1;0;403978.00;
929;Lucas;Reis;Botafogo;34;Meio;86;93;28;47;5;1;1;557258.00;
70;Gabriel;Carvalho;Botafogo;39;Goleiro;99;72;40;30;74;1;1;234045.00;
972;Thiago;Lima;Vasco;34;Defesa;58;9;5;43;1;1;1;228819.00;
398;Felipe;Carvalho;Botafogo;41;Defesa;55;34;37;53;5;1;1;520131.00;
332;Thiago;Santos;Cruzeiro;24;Meio;81;47;36;38;56;1;1;632091.00;
568;Lucas;Santos;Gremio;43;Atacante;70;60;29;91;94;0;1;913214.00;
901;Ygor;Lima;Vasco;41;Goleiro;96;7;12;42;20;0;0;229439.00;
638;Gabriel;Lima;Gremio;41;Goleiro;31;74;41;0;34;0;0;230668.00;
714;Marcos;Carvalho;Sao Paulo;29;Meio;40;76;39;1;83;1;1;877599.00;
979;Matheus;Silveira;Sport Club;24;Goleiro;16;76;72;47;15;0;0;853255.00;
265;Mauro;Matos;Flamengo;27;Defesa;63;65;37;69;40;0;1;616783.00;
475;Paulo;Carvalho;Palmeiras;20;Goleiro;80;82;45;96;23;0;1;579187.00;
961;Mauro;Matos;Gremio;30;Defesa;94;65;30;22;96;1;0;771489.00;
213;Daniel;Rezende;Flamengo;17;Defesa;96;74;13;75;56;1;1;227798.00;
642;Victor;Ribeiro;Vasco;16;Atacante;12;61;100;72;92;1;1;203056.00;
102;Matheus;Silva;Corinthias;38;Goleiro;40;17;89;1;92;1;1;995743.00;
244;Lucas;Souza;Corinthias;25;Meio;2;58;12;81;85;1;1;727409.00;
53;Paulo;Lima;Sao Paulo;19;Defesa;39;8;92;79;25;1;1;957975.00;
182;Matheus;Silva;Corinthias;35;Atacante;8;57;96;77;82;0;1;695298.00;
587;Ygor;Lima;Fluminense;34;Goleiro;94;86;52;32;94;1;0;951268.00;
942;Daniel;Pereira;Cruzeiro;18;Defesa;12;78;16;20;0;1;0;202816.00;
847;Marcos;Lima;Palmeiras;41;Meio;94;51;57;53;36;0;1;944592.00;
120;Gabriel;Santos;Cruzeiro;44;Goleiro;45;97;77;23;74;0;0;411363.00;
283;Paulo;Silva;Vasco;16;Meio;58;88;90;17;39;0;1;493885.00;
871;Joao;Souza;Vasco;19;Meio;11;69;98;56;65;1;0;2955.00;
673;Joao;Pereira;Palmeiras;45;Meio;93;85;68;50;38;0;1;255767.00;
194;Joao;Fragoso;Sao Paulo;16;Meio;94;42;71;5;11;0;0;335055.00;
241;Pedro;Fernandes;Palmeiras;39;Defesa;11;52;91;3;36;1;0;487358.00;
999;Carlos;Silva;Vasco;34;Defesa;38;80;55;31;89;1;1;474445.00;
461;Douglas;Silva;Vasco;31;Meio;7;62;78;18;81;0;0;934324.00;
757;Fabricio;Matos;Corinthias;21;Atacante;87;80;8;91;60;0;0;277572.00;
395;Ygor;Carvalho;Sport Club;22;Goleiro;47;56;7;54;84;0;0;968106.00;
709;Lucas;Silveira;Gremio;26;Goleiro;81;56;10;33;36;0;0;460781.00;
284;Mauro;Lima;Flamengo;34;Defesa;16;20;41;63;42;0;0;137803.00;
659;Mauro;Reis;Botafogo;44;Atacante;93;10;73;73;33;1;0;726973.00;
571;Fabricio;Pereira;Sao Paulo;41;Meio;86;4;26;1;92;0;0;323819.00;
857;Mauro;Pereira;Corinthias;29;Atacante;30;13;50;22;91;0;0;189590.00;
94;Alfredo;Silveira;Palmeiras;33;Goleiro;55;99;92;40;69;1;1;651807.00;
841;Gustavo;Rezende;Gremio;22;Goleiro;77;87;99;73;100;0;1;988056.00;
724;Rafael;Fragoso;Botafogo;43;Goleiro;81;49;89;1;13;0;1;893598.00;
75;Douglas;Silva;Palmeiras;22;Atacante;9;72;86;53;58;1;0;49769.00;
461;Carlos;Souza;Gremio;44;Atacante;77;98;60;57;12;0;1;352113.00;
87;Victor;Reis;Fluminense;37;Atacante;1;66;50;78;3;1;1;812818.00;
182;Rafael;Matos;Cruzeiro;45;Goleiro;53;15;87;29;79;0;1;70968.00;
760;Joao;Santos;Palmeiras;33;Atacante;77;54;5;44;86;1;0;288502.00;
64;Daniel;Carvalho;Palmeiras;21;Meio;25;79;27;78;94;1;1;560839.00;
463;Alfredo;Pereira;Vasco;37;Atacante;4;77;70;47;30;0;0;593977.00;
518;Gabriel;Santos;Fluminense;34;Meio;60;33;49;85;11;1;1;291457.00;
922;Carlos;Fernandes;Palmeiras;43;Meio;30;27;53;0;3;1;1;107088.00;
483;Mauricio;Ribeiro;Flamengo;26;Atacante;11;77;0;71;76;0;0;71800.00;
117;Gustavo;Ribeiro;Fluminense;22;Goleiro;92;77;8;21;3;1;0;563127.00;
542;Matheus;Carvalho;Sao Paulo;31;Goleiro;37;51;2;48;94;1;0;587903.00;
611;Alfredo;Souza;Botafogo;24;Atacante;22;6;83;14;49;1;0;600293.00;
632;Gabriel;Silva;Corinthias;24;Meio;43;93;84;80;10;0;1;933067.00;
7;Victor;Carvalho;Gremio;20;Goleiro;84;40;76;6;13;0;1;135087.00;
779;Pedro;Carvalho;Vasco;20;Atacante;97;66;37;6;58;0;1;780611.00;
134;Rafael;Matos;Flamengo;29;Goleiro;69;41;72;53;82;0;1;127779.00;
975;Victor;Silveira;Corinthias;21;Meio;50;8;75;12;74;1;0;108427.00;
820;Paulo;Matos;Cruzeiro;21;Defesa;99;6;79;33;13;0;1;754837.00;
575;Lucas;Reis;Botafogo;32;Meio;86;53;46;1;61;1;0;233295.00;
541;Ygor;Carvalho;Flamengo;44;Goleiro;31;17;31;96;90;1;1;704299.00;
113;Douglas;Reis;Botafogo;33;Goleiro;23;11;62;9;64;0;1;646807.00;
319;Matheus;Oliveira;Fluminense;24;Goleiro;85;57;16;16;75;0;0;989711.00;
137;Gabriel;Silva;Botafogo;32;Meio;39;11;83;62;22;0;0;248122.00;
270;Ygor;Rezende;Flamengo;41;Atacante;0;60;21;85;17;1;0;856668.00;
733;Carlos;Santos;Fluminense;24;Defesa;91;4;52;29;82;1;1;767554.00;
389;Lucas;Fragoso;Flamengo;28;Goleiro;70;80;32;36;40;0;0;966529.00;
514;Mauro;Matos;Sport Club;19;Atacante;82;83;56;72;53;1;1;98556.00;
516;Joao;Oliveira;Palmeiras;28;Defesa;44;26;60;81;6;1;1;674073.00;
803;Daniel;Matos;Sport Club;28;Meio;75;88;16;22;36;0;0;5396.00;
237;Carlos;Rezende;Cruzeiro;33;Defesa;3;68;56;48;94;1;1;415606.00;
956;Felipe;Reis;Fluminense;34;Goleiro;85;36;60;25;90;0;1;900693.00;
598;Matheus;Reis;Sao Paulo;20;Goleiro;80;49;100;84;16;1;1;743236.00;
286;Mauro;Silva;Sao Paulo;44;Defesa;27;80;98;78;15;0;1;528680.00;
788;Fabricio;Silva;Corinthias;32;Defesa;41;22;49;20;71;0;0;65012.00;
357;Rafael;Rezende;Sao Paulo;23;Atacante;80;59;55;73;38;0;0;355777.00;
47;Daniel;Ribeiro;Sao Paulo;31;Defesa;89;26;66;96;15;1;1;745968.00;
849;Fabricio;Silveira;Gremio;23;Defesa;100;10;3;46;69;0;1;43961.00;
43;Marcos;Souza;Fluminense;16;Meio;58;25;38;46;51;1;1;417381.00;
448;Gabriel;Carvalho;Palmeiras;27;Meio;73;26;23;39;36;1;1;335972.00;
155;Lucas;Reis;Botafogo;22;Atacante;76;25;54;34;50;1;1;384952.00;
787;Thiago;Silva;Palmeiras;22;Meio;55;17;6;94;43;1;1;147745.00;
146;Alfredo;Matos;Cruzeiro;27;Meio;62;55;98;38;80;0;1;189618.00;
13;Joao;Silva;Botafogo;31;Meio;13;46;47;68;29;1;1;703088.00;
217;Gustavo;Lima;Sao Paulo;35;Defesa;5;59;28;68;80;0;1;563695.00;
406;Lucas;Souza;Sport Club;18;Meio;86;63;81;99;8;1;1;806894.00;
959;Ygor;Ribeiro;Gremio;27;Meio;63;94;95;69;18;1;1;422543.00;
837;Victor;Silveira;Sao Paulo;32;Meio;71;75;64;22;37;0;1;140604.00;
170;Fabricio;Fragoso;Sport Club;34;Atacante;79;96;19;41;55;0;1;251308.00;
620;Paulo;Reis;Sport Club;18;Goleiro;36;34;6;6;9;0;1;798619.00;
463;Mauro;Silva;Vasco;30;Goleiro;69;8;99;47;3;0;1;575171.00;
437;Pedro;Oliveira;Sport Club;45;Meio;46;94;29;82;27;1;1;28331.00;
600;Lucas;Santos;Sao Paulo;26;Defesa;36;94;80;71;69;1;1;51087.00;
170;Paulo;Fernandes;Sport Club;35;Meio;22;76;27;68;35;1;0;507785.00;
73;Carlos;Ribeiro;Vasco;28;Atacante;13;80;85;49;74;0;0;550578.00;
812;Gabriel;Oliveira;Fluminense;25;Atacante;93;40;1;81;82;0;1;551223.00;
209;Pedro;Souza;Fluminense;45;Goleiro;3;18;87;16;98;0;1;104682.00;
798;Rafael;Oliveira;Fluminense;38;Defesa;77;58;33;69;98;0;0;849893.00;
344;Alfredo;Reis;Sao Paulo;17;Atacante;56;60;12;59;44;1;1;404869.00;
399;Ygor;Reis;Gremio;38;Atacante;46;41;48;23;65;0;0;190521.00;
902;Rafael;Pereira;Gremio;45;Defesa;92;63;37;13;23;1;1;925306.00;
868;Victor;Silva;Gremio;23;Meio;54;76;9;100;83;1;1;750546.00;
257;Alfredo;Matos;Fluminense;45;Defesa;28;23;81;86;86;1;0;935541.00;
796;Lucas;Souza;Sao Paulo;32;Meio;62;2;68;15;78;1;1;465996.00;
198;Daniel;Rezende;Corinthias;31;Goleiro;53;70;64;81;93;0;1;477292.00;
699;Gustavo;Santos;Gremio;39;Defesa;73;85;75;34;53;0;1;398606.00;
321;Mauro;Carvalho;Botafogo;29;Atacante;19;48;13;72;17;1;0;928876.00;
581;Gustavo;Reis;Fluminense;17;Meio;9;83;31;48;33;0;1;903814.00;
126;Paulo;Ribeiro;Gremio;41;Defesa;83;91;4;1;5;1;0;63013.00;
396;Mauro;Lima;Palmeiras;44;Meio;99;57;89;7;5;1;0;72912.00;
473;Marcos;Souza;Botafogo;18;Defesa;2;59;81;85;15;0;0;130746.00;
533;Paulo;Silva;Fluminense;20;Defesa;10;89;57;8;11;1;0;914459.00;
502;Paulo;Fernandes;Palmeiras;35;Goleiro;56;7;54;24;32;1;1;354860.00;
377;Gustavo;Souza;Fluminense;33;Defesa;13;31;15;24;19;1;1;845188.00;
776;Carlos;Pereira;Botafogo;21;Defesa;98;26;83;19;100;0;1;470511.00;
401;Fabricio;Souza;Botafogo;16;Goleiro;4;95;89;85;92;0;1;489496.00;
366;Mauro;Fernandes;Fluminense;22;Meio;35;5;58;32;31;0;0;445551.00;
454;Rafael;Oliveira;Palmeiras;34;Goleiro;97;91;19;67;51;0;0;995291.00;
747;Mauricio;Rezende;Sao Paulo;30;Meio;75;19;16;9;91;1;1;369934.00;
599;Joao;Lima;Sao Paulo;25;Meio;64;65;88;26;55;0;0;49519.00;
777;Daniel;Silva;Corinthias;18;Goleiro;76;67;63;50;52;0;1;430944.00;
709;Douglas;Silveira;Botafogo;30;Meio;17;11;29;47;76;0;0;445355.00;
856;Felipe;Santos;Vasco;23;Atacante;59;77;53;34;43;1;1;454749.00;
907;Felipe;Fragoso;Corinthias;32;Meio;74;35;16;91;12;0;0;342036.00;
902;Felipe;Souza;Gremio;42;Goleiro;51;82;72;9;58;0;0;652488.00;
267;Matheus;Rezende;Cruzeiro;43;Defesa;7;46;99;81;47;1;1;469871.00;
95;Carlos;Lima;Palmeiras;27;Meio;34;56;52;85;37;0;1;713776.00;
137;Carlos;Rezende;Cruzeiro;28;Defesa;16;33;53;23;46;0;0;896151.00;
889;Gustavo;Souza;Sao Paulo;33;Meio;8;30;95;8;86;1;0;723948.00;
702;Joao;Rezende;Sport Club;23;Goleiro;0;86;65;16;85;1;0;408696.00;
81;Paulo;Fragoso;Flamengo;31;Meio;91;32;37;65;63;0;1;779747.00;
812;Gabriel;Fernandes;Cruzeiro;19;Atacante;95;40;61;61;92;0;1;582040.00;
696;Marcos;Oliveira;Palmeiras;35;Goleiro;77;77;34;33;9;0;1;465938.00;
514;Fabricio;Silva;Gremio;27;Goleiro;23;55;40;84;61;1;0;556963.00;
280;Daniel;Fragoso;Gremio;24;Atacante;10;64;60;88;40;1;0;683428.00;
207;Rafael;Reis;Cruzeiro;23;Atacante;9;60;59;33;81;1;0;907384.00;
319;Paulo;Oliveira;Flamengo;39;Defesa;24;86;52;34;49;0;0;355850.00;
14;Thiago;Souza;Vasco;28;Goleiro;67;15;28;43;41;0;1;349057.00;
942;Matheus;Souza;Flamengo;30;Atacante;6;33;72;30;19;1;1;319035.00;
166;Ygor;Silva;Botafogo;39;Atacante;7;51;17;41;32;0;1;237178.00;
212;Victor;Ribeiro;Corinthias;45;Atacante;64;34;74;70;34;1;0;611314.00;
56;Mauro;Pereira;Fluminense;22;Meio;42;6;70;16;57;0;1;192774.00;
586;Mauro;Rezende;Botafogo;16;Atacante;42;13;42;5;14;1;0;537942.00;
564;Alfredo;Santos;Fluminense;42;Goleiro;33;51;28;41;57;1;1;774564.00;
967;Lucas;Souza;Sao Paulo;36;Defesa;74;50;52;82;30;1;1;23265.00;
360;Daniel;Oliveira;Corinthias;40;Meio;0;39;76;100;91;1;1;803992.00;
20;Alfredo;Reis;Botafogo;19;Defesa;64;63;27;3;80;1;0;480684.00;
342;Douglas;Rezende;Fluminense;25;Atacante;86;0;100;53;40;1;0;381375.00;
764;Gustavo;Matos;Palmeiras;26;Atacante;64;33;100;27;96;1;0;957986.00;
299;Alfredo;Lima;Flamengo;30;Meio;58;84;44;9;84;0;1;308811.00;
546;Paulo;Reis;Fluminense;33;Defesa;75;61;66;4;94;0;1;80089.00;
932;Gabriel;Lima;Flamengo;27;Defesa;70;28;48;27;78;1;1;168385.00;
351;Paulo;Carvalho;Sport Club;28;Meio;14;16;31;55;77;1;0;351102.00;
696;Matheus;Fragoso;Gremio;24;Defesa;45;62;34;14;56;0;0;759491.00;
39;Mauricio;Pereira;Fluminense;39;Defesa;61;87;80;75;2;1;1;716601.00;
794;Mauricio;Silva;Botafogo;18;Defesa;18;65;28;29;94;1;1;643211.00;
127;Rafael;Silva;Corinthias;44;Atacante;26;37;53;87;90;1;1;228583.00;
490;Douglas;Silva;Palmeiras;28;Atacante;17;90;58;36;21;0;1;510215.00;
397;Paulo;Silveira;Sao Paulo;33;Goleiro;75;20;19;0;24;1;1;238840.00;
515;Ygor;Pereira;Palmeiras;43;Goleiro;97;12;58;14;68;0;0;285188.00;
504;Marcos;Fragoso;Fluminense;36;Defesa;71;46;42;11;67;1;1;778716.00;
776;Felipe;Santos;Vasco;41;Atacante;17;79;14;80;91;1;1;714850.00;
295;Rafael;Rezende;Botafogo;29;Defesa;0;10;80;71;56;0;1;84681.00;
941;Victor;Ribeiro;Palmeiras;25;Defesa;53;1;55;70;80;0;1;811749.00;
187;Mauricio;Pereira;Fluminense;44;Defesa;48;6;21;48;83;1;1;554433.00;
865;Carlos;Rezende;Gremio;29;Atacante;54;50;20;6;51;0;1;64692.00;
148;Joao;Reis;Palmeiras;33;Goleiro;80;16;31;27;89;0;1;420588.00;
338;Ygor;Souza;Vasco;35;Meio;44;86;8;98;35;1;1;140494.00;
386;Alfredo;Silveira;Corinthias;26;Atacante;31;66;74;77;48;0;0;822467.00;
981;Rafael;Carvalho;Sport Club;18;Atacante;13;64;53;57;49;1;0;568192.00;
253;Thiago;Souza;Flamengo;27;Atacante;3;0;100;0;32;1;1;693850.00;
446;Fabricio;Pereira;Palmeiras;45;Goleiro;40;29;3;53;94;1;1;393079.00;
913;Gabriel;Silveira;Gremio;31;Goleiro;96;52;80;65;18;0;0;314354.00;
836;Carlos;Santos;Fluminense;43;Defesa;94;46;98;33;75;0;1;745853.00;
102;Fabricio;Fragoso;Palmeiras;38;Atacante;77;44;96;38;96;0;0;121168.00;
362;Ygor;Pereira;Gremio;44;Meio;98;63;1;91;8;0;0;899541.00;
584;Paulo;Pereira;Gremio;32;Meio;93;94;27;35;37;0;0;250583.00;
374;Daniel;Fragoso;Corinthias;21;Goleiro;19;17;34;16;47;1;1;197525.00;
841;Daniel;Souza;Gremio;27;Goleiro;85;40;81;44;100;0;0;408936.00;
646;Carlos;Rezende;Fluminense;18;Defesa;7;1;23;93;86;0;1;200846.00;
241;Felipe;Fernandes;Vasco;44;Defesa;90;81;45;74;87;1;1;348508.00;
288;Felipe;Pereira;Corinthias;35;Meio;53;73;5;26;74;0;0;262825.00;
360;Gustavo;Fragoso;Fluminense;20;Meio;70;17;66;25;64;0;1;679903.00;
995;Gabriel;Fragoso;Vasco;41;Meio;61;91;16;13;63;1;1;882999.00;
107;Carlos;Oliveira;Botafogo;34;Atacante;45;89;59;81;72;0;1;74880.00;
680;Paulo;Fragoso;Corinthias;45;Defesa;34;95;48;95;85;1;0;308957.00;
494;Mauricio;Matos;Vasco;22;Defesa;66;17;26;77;72;0;0;100528.00;
822;Mauricio;Fragoso;Vasco;40;Meio;44;82;88;44;77;0;0;496908.00;
877;Mauro;Fragoso;Flamengo;42;Meio;13;59;32;80;76;1;1;783485.00;
741;Fabricio;Fragoso;Corinthias;41;Goleiro;61;37;1;71;19;1;0;825205.00;
7;Joao;Silva;Cruzeiro;45;Meio;35;89;51;48;47;1;1;774743.00;
331;Matheus;Silveira;Cruzeiro;39;Goleiro;0;68;30;27;5;0;1;600509.00;
495;Ygor;Reis;Fluminense;28;Meio;28;61;35;29;49;1;0;711478.00;
705;Mauro;Reis;Gremio;39;Goleiro;57;47;48;24;81;0;0;286072.00;
146;Victor;Silveira;Flamengo;22;Meio;34;90;100;28;51;0;0;945878.00;
227;Alfredo;Fragoso;Cruzeiro;42;Goleiro;94;54;67;17;0;0;0;975500.00;
236;Alfredo;Rezende;Fluminense;28;Defesa;58;32;1;58;22;0;1;757399.00;
894;Rafael;Pereira;Fluminense;26;Defesa;4;9;78;65;30;0;0;60279.00;
178;Mauro;Fernandes;Palmeiras;42;Atacante;14;86;53;73;84;1;1;553628.00;
920;Gabriel;Oliveira;Cruzeiro;38;Goleiro;73;64;80;44;40;0;0;866443.00;
372;Victor;Oliveira;Vasco;38;Defesa;8;22;21;22;7;0;0;22887.00;
59;Joao;Lima;Flamengo;27;Meio;1;63;88;40;27;1;1;976053.00;
625;Gustavo;Santos;Gremio;31;Defesa;49;23;45;57;46;0;0;803515.00;
622;Gustavo;Oliveira;Cruzeiro;45;Defesa;79;36;46;80;99;1;0;188349.00;
728;Gustavo;Ribeiro;Vasco;17;Defesa;44;75;28;93;65;1;1;161892.00;
44;Ygor;Pereira;Gremio;25;Defesa;75;29;12;54;31;1;1;38319.00;
74;Marcos;Santos;Fluminense;21;Meio;42;51;72;87;92;1;1;191912.00;
852;Gabriel;Reis;Corinthias;37;Atacante;19;87;0;94;82;0;1;577972.00;
219;Gustavo;Fragoso;Vasco;30;Atacante;13;55;6;55;5;0;1;288646.00;
721;Carlos;Silva;Vasco;34;Meio;56;0;46;41;53;1;0;273573.00;
683;Lucas;Silva;Fluminense;19;Atacante;17;93;47;97;48;1;0;194672.00;
167;Ygor;Silva;Gremio;23;Goleiro;84;57;20;39;57;1;0;378199.00;
156;Carlos;Pereira;Flamengo;27;Goleiro;25;21;5;42;13;0;0;678208.00;
467;Lucas;Fernandes;Corinthias;18;Meio;3;90;98;88;46;0;1;138686.00;
875;Fabricio;Silva;Flamengo;33;Goleiro;24;80;5;49;67;0;1;428591.00;
62;Thiago;Oliveira;Fluminense;22;Goleiro;66;28;82;36;18;1;1;848750.00;
313;Victor;Carvalho;Sport Club;18;Defesa;35;72;96;60;51;0;0;569827.00;
10;Ygor;Santos;Sao Paulo;29;Meio;6;75;90;38;3;0;0;895572.00;
73;Thiago;Carvalho;Sport Club;24;Meio;22;31;93;23;3;0;1;624725.00;
888;Ygor;Silveira;Flamengo;18;Atacante;71;48;37;43;23;1;0;100611.00;
855;Rafael;Fragoso;Flamengo;28;Goleiro;23;28;46;11;60;1;0;854207.00;
929;Paulo;Matos;Palmeiras;24;Goleiro;75;96;87;45;43;0;1;358536.00;
19;Mauro;Ribeiro;Sao Paulo;43;Defesa;22;5;33;45;34;1;0;256445.00;
320;Douglas;Matos;Sport Club;18;Atacante;84;78;57;25;73;1;1;941670.00;
752;Gabriel;Fernandes;Flamengo;25;Defesa;91;13;76;79;18;0;0;531317.00;
845;Alfredo;Ribeiro;Sao Paulo;31;Defesa;74;38;70;24;83;1;0;683970.00;
876;Gustavo;Oliveira;Botafogo;28;Meio;14;32;91;71;45;1;1;435153.00;
630;Gabriel;Lima;Sao Paulo;26;Goleiro;95;51;58;34;55;0;0;798294.00;
347;Paulo;Carvalho;Corinthias;34;Goleiro;88;31;80;1;64;1;1;897469.00;
415;Felipe;Rezende;Sao Paulo;39;Goleiro;35;78;12;96;95;1;1;391907.00;
548;Daniel;Souza;Palmeiras;20;Defesa;70;16;73;24;47;0;0;764834.00;
414;Matheus;Reis;Sport Club;43;Defesa;66;46;9;67;90;1;0;276871.00;
247;Carlos;Fragoso;Sao Paulo;18;Meio;70;37;97;6;53;0;0;855123.00;
686;Ygor;Pereira;Botafogo;34;Goleiro;31;70;18;63;15;1;0;407441.00;
889;Lucas;Carvalho;Gremio;25;Defesa;60;95;6;96;32;1;1;48952.00;
725;Pedro;Carvalho;Fluminense;18;Goleiro;31;3;89;29;39;0;1;979144.00;
138;Matheus;Silva;Sport Club;35;Goleiro;20;29;69;46;91;0;1;404616.00;
500;Gustavo;Silva;Sao Paulo;16;Atacante;70;24;51;1;94;1;0;837498.00;
958;Pedro;Carvalho;Gremio;35;Meio;94;21;26;80;17;1;0;324133.00;
983;Gustavo;Reis;Sao Paulo;34;Goleiro;92;47;58;61;37;0;0;422930.00;
114;Joao;Silva;Cruzeiro;38;Defesa;38;88;62;31;75;1;1;722840.00;
700;Daniel;Silva;Vasco;40;Defesa;26;41;95;17;88;1;0;507345.00;
88;Gabriel;Carvalho;Fluminense;17;Meio;33;75;33;71;28;0;1;99450.00;
771;Victor;Oliveira;Vasco;25;Atacante;43;78;52;69;18;0;0;870072.00;
420;Paulo;Souza;Gremio;45;Goleiro;31;98;68;64;72;0;0;576797.00;
985;Mauricio;Pereira;Gremio;29;Goleiro;3;56;89;12;33;0;1;323638.00;
910;Marcos;Lima;Botafogo;37;Atacante;7;95;36;38;58;1;0;457434.00;
133;Ygor;Souza;Botafogo;33;Defesa;74;46;28;77;1;1;0;551714.00;
405;Marcos;Carvalho;Corinthias;34;Defesa;59;59;28;67;19;1;1;759378.00;
568;Alfredo;Lima;Vasco;34;Atacante;34;8;100;7;54;1;0;413511.00;
452;Fabricio;Ribeiro;Gremio;37;Goleiro;8;72;85;67;97;0;1;801755.00;
771;Gabriel;Fragoso;Sport Club;35;Defesa;78;14;66;78;22;0;0;901292.00;
93;Alfredo;Souza;Palmeiras;32;Atacante;100;10;64;7;82;0;0;228540.00;
3;Matheus;Lima;Cruzeiro;32;Goleiro;77;18;49;20;100;0;0;222808.00;
864;Douglas;Silva;Palmeiras;28;Meio;3;19;49;2;29;0;0;458399.00;
709;Ygor;Matos;Fluminense;21;Meio;88;0;65;30;85;1;1;343016.00;
334;Gustavo;Carvalho;Gremio;39;Goleiro;42;8;30;11;27;0;1;718198.00;
873;Pedro;Oliveira;Cruzeiro;37;Goleiro;3;97;99;57;63;0;1;505416.00;
347;Felipe;Fragoso;Flamengo;38;Defesa;75;44;70;83;19;0;1;198114.00;
701;Douglas;Lima;Corinthias;42;Defesa;86;68;18;55;64;1;0;133343.00;
175;Mauricio;Ribeiro;Vasco;16;Goleiro;55;86;5;96;29;0;0;348148.00;
279;Gabriel;Silva;Botafogo;32;Atacante;54;5;95;5;73;0;0;412882.00;
377;Ygor;Carvalho;Vasco;24;Goleiro;60;38;5;14;23;1;1;92457.00;
248;Pedro;Santos;Palmeiras;21;Goleiro;78;68;89;98;39;1;1;7030.00;
497;Gabriel;Pereira;Sao Paulo;37;Defesa;64;34;79;90;38;0;0;708327.00;
619;Rafael;Silva;Palmeiras;19;Meio;71;24;5;14;92;1;0;61748.00;
620;Daniel;Fragoso;Gremio;42;Meio;94;39;99;23;39;0;1;957047.00;
998;Rafael;Reis;Gremio;45;Meio;66;61;62;3;85;0;1;147191.00;
795;Fabricio;Rezende;Gremio;29;Goleiro;71;48;66;64;87;1;0;831877.00;
934;Thiago;Pereira;Fluminense;18;Meio;87;6;90;53;33;1;0;375925.00;
747;Daniel;Silveira;Sao Paulo;29;Meio;11;75;7;48;22;1;0;460845.00;
755;Paulo;Ribeiro;Sport Club;45;Meio;42;6;7;29;80;0;0;751232.00;
45;Joao;Silva;Sao Paulo;21;Defesa;9;76;17;87;50;1;0;518243.00;
268;Paulo;Silva;Sao Paulo;18;Defesa;75;69;11;84;41;1;0;598785.00;
440;Mauro;Silva;Sao Paulo;22;Atacante;61;36;49;36;11;0;1;27376.00;
275;Carlos;Reis;Corinthias;41;Meio;51;40;20;26;8;1;0;777011.00;
11;Paulo;Fragoso;Flamengo;18;Defesa;25;7;97;87;9;1;1;588118.00;
317;Marcos;Santos;Vasco;38;Defesa;19;66;55;70;5;1;0;9442.00;
947;Alfredo;Souza;Gremio;20;Goleiro;85;2;68;9;76;0;0;170612.00;
887;Victor;Lima;Palmeiras;25;Atacante;20;60;32;39;25;0;1;22627.00;
835;Paulo;Rezende;Fluminense;20;Defesa;88;31;5;38;33;1;1;242638.00;
226;Mauricio;Silva;Sao Paulo;39;Atacante;31;87;53;51;47;1;1;747983.00;
687;Gabriel;Carvalho;Fluminense;45;Meio;33;7;19;87;38;1;1;28644.00;
792;Victor;Rezende;Botafogo;37;Atacante;79;7;7;76;60;0;1;761753.00;
187;Victor;Matos;Corinthias;31;Meio;49;46;26;82;54;0;1;287096.00;
537;Mauro;Oliveira;Botafogo;18;Defesa;33;45;83;78;18;0;1;968382.00;
7;Victor;Santos;Corinthias;34;Goleiro;76;41;8;24;87;1;0;5652.00;
516;Gustavo;Pereira;Vasco;24;Goleiro;14;95;2;48;5;0;0;130781.00;
61;Gustavo;Matos;Botafogo;39;Atacante;82;53;81;23;94;1;1;736490.00;
625;Carlos;Silva;Vasco;35;Atacante;48;54;10;63;14;1;0;96258.00;
592;Alfredo;Fernandes;Vasco;24;Meio;26;3;62;74;56;0;1;426873.00;
294;Joao;Rezende;Flamengo;24;Meio;86;51;99;33;71;0;0;878127.00;
306;Ygor;Oliveira;Gremio;37;Goleiro;21;86;23;47;55;0;1;880488.00;
32;Victor;Reis;Corinthias;21;Goleiro;75;21;1;26;38;1;0;574882.00;
44;Joao;Rezende;Botafogo;39;Meio;46;100;76;67;51;0;1;690577.00;
860;Lucas;Silva;Vasco;23;Meio;100;76;96;41;63;1;0;515565.00;
592;Victor;Pereira;Gremio;31;Atacante;65;7;95;10;73;1;1;959861.00;
104;Fabricio;Fragoso;Corinthias;37;Atacante;94;70;19;60;45;1;0;964177.00;
340;Joao;Pereira;Sao Paulo;23;Goleiro;77;40;46;42;13;1;0;999330.00;
800;Felipe;Santos;Corinthias;16;Goleiro;95;37;80;54;6;0;1;570259.00;
668;Pedro;Fernandes;Gremio;30;Defesa;63;72;77;40;78;1;1;368691.00;
790;Carlos;Santos;Fluminense;17;Atacante;49;44;18;43;81;1;0;206393.00;
559;Victor;Ribeiro;Palmeiras;21;Goleiro;65;68;24;27;5;1;0;611561.00;
928;Gustavo;Oliveira;Gremio;25;Goleiro;58;74;29;73;17;1;1;833426.00;
470;Mauro;Matos;Sport Club;36;Meio;16;76;83;47;10;0;0;586367.00;
687;Matheus;Matos;Palmeiras;32;Goleiro;51;0;16;75;75;0;1;377478.00;
435;Paulo;Reis;Palmeiras;38;Meio;45;94;28;27;70;1;1;720823.00;
455;Gustavo;Lima;Cruzeiro;30;Meio;22;7;27;39;7;0;0;538570.00;
216;Rafael;Santos;Cruzeiro;21;Goleiro;16;97;68;61;90;0;0;705696.00;
203;Thiago;Fernandes;Flamengo;39;Defesa;80;94;56;69;0;0;1;883145.00;
462;Carlos;Oliveira;Sport Club;42;Atacante;92;4;90;7;0;1;1;757010.00;
251;Carlos;Rezende;Corinthias;19;Defesa;78;23;84;24;16;0;0;265132.00;
880;Marcos;Carvalho;Sao Paulo;29;Atacante;93;34;75;84;4;1;1;61331.00;
558;Mauro;Oliveira;Sport Club;42;Goleiro;60;97;60;4;19;0;0;873226.00;
18;Victor;Lima;Botafogo;25;Meio;17;38;21;76;39;1;0;277061.00;
196;Ygor;Silveira;Cruzeiro;34;Meio;82;87;82;41;49;1;1;853166.00;
903;Mauricio;Souza;Vasco;39;Meio;4;78;28;21;82;1;1;494771.00;
384;Daniel;Silva;Botafogo;43;Defesa;12;44;50;94;30;1;1;320132.00;
324;Gabriel;Souza;Botafogo;24;Meio;22;77;69;26;54;0;1;156924.00;
477;Douglas;Souza;Flamengo;45;Goleiro;56;36;61;34;80;0;0;474681.00;
981;Marcos;Silva;Palmeiras;20;Atacante;34;57;50;57;33;0;0;401024.00;
356;Gabriel;Souza;Vasco;31;Atacante;79;72;93;0;7;0;0;225483.00;
572;Alfredo;Reis;Vasco;18;Defesa;48;60;52;48;83;1;1;529282.00;
420;Douglas;Silveira;Gremio;33;Meio;24;55;63;69;93;1;0;792470.00;
985;Victor;Lima;Gremio;19;Goleiro;5;18;97;53;44;1;1;156985.00;
767;Ygor;Matos;Sport Club;32;Defesa;33;40;30;57;61;0;0;607825.00;
489;Mauro;Carvalho;Sao Paulo;38;Atacante;25;61;49;30;79;1;1;296004.00;
38;Lucas;Matos;Sao Paulo;28;Atacante;8;80;32;42;86;1;1;360418.00;
76;Matheus;Fragoso;Sao Paulo;37;Defesa;90;83;18;14;43;1;0;978140.00;
652;Daniel;Santos;Vasco;43;Goleiro;46;65;49;55;10;0;1;821879.00;
863;Mauro;Oliveira;Flamengo;18;Atacante;65;69;87;54;51;0;1;14985.00;
648;Rafael;Silva;Fluminense;20;Goleiro;54;83;18;0;13;1;1;63199.00;
291;Victor;Souza;Palmeiras;26;Atacante;53;27;64;84;97;1;1;856011.00;
731;Felipe;Souza;Sport Club;27;Goleiro;8;57;82;62;39;0;1;468396.00;
512;Paulo;Oliveira;Sao Paulo;18;Defesa;2;8;20;22;35;0;0;234859.00;
129;Daniel;Reis;Vasco;33;Meio;12;66;8;20;22;1;0;111789.00;
100;Gabriel;Silveira;Cruzeiro;26;Goleiro;33;56;48;36;30;1;1;636247.00;
400;Gabriel;Reis;Flamengo;43;Goleiro;38;87;59;51;53;0;1;803014.00;
493;Matheus;Matos;Vasco;25;Defesa;64;53;68;64;8;1;1;213743.00;
420;Ygor;Silva;Botafogo;17;Atacante;85;56;73;89;43;1;1;702442.00;
329;Gabriel;Souza;Fluminense;32;Atacante;28;89;17;58;41;0;0;996494.00;
585;Rafael;Oliveira;Sao Paulo;37;Meio;17;94;90;1;49;1;0;236532.00;
484;Paulo;Reis;Vasco;33;Meio;40;98;92;68;53;0;1;381783.00;
244;Felipe;Rezende;Sport Club;29;Defesa;10;8;20;27;68;1;0;461817.00;
926;Pedro;Carvalho;Flamengo;45;Atacante;52;15;81;92;12;1;0;976200.00;
669;Alfredo;Reis;Vasco;38;Goleiro;1;62;64;78;36;1;1;88074.00;
750;Rafael;Rezende;Palmeiras;28;Defesa;96;61;53;13;42;0;1;82857.00;
105;Daniel;Ribeiro;Cruzeiro;41;Goleiro;26;76;10;94;4;1;1;981497.00;
172;Mauro;Rezende;Vasco;34;Atacante;48;90;23;9;17;0;0;229737.00;
930;Rafael;Matos;Palmeiras;23;Atacante;99;2;75;24;45;0;1;990869.00;
299;Marcos;Silveira;Fluminense;35;Defesa;30;2;61;44;93;0;1;167538.00;
717;Matheus;Silva;Sport Club;21;Defesa;14;58;80;12;60;1;1;62582.00;
676;Victor;Silveira;Palmeiras;33;Defesa;8;2;39;4;4;1;1;677700.00;
251;Douglas;Fragoso;Gremio;36;Defesa;43;76;88;57;33;0;1;711151.00;
881;Felipe;Fernandes;Palmeiras;43;Goleiro;86;31;23;60;33;0;1;133484.00;
903;Felipe;Rezende;Corinthias;33;Meio;88;53;12;97;28;1;0;50567.00;
339;Carlos;Silva;Botafogo;38;Atacante;75;84;98;60;81;1;1;362901.00;
89;Lucas;Lima;Fluminense;43;Goleiro;90;40;57;43;93;1;1;965307.00;
66;Marcos;Fernandes;Palmeiras;28;Atacante;83;3;13;23;87;1;1;450821.00;
364;Mauro;Carvalho;Cruzeiro;37;Meio;89;12;49;78;18;1;1;881497.00;
62;Paulo;Fernandes;Sport Club;25;Defesa;73;61;39;21;64;1;0;919794.00;
686;Gustavo;Silva;Flamengo;24;Goleiro;2;77;29;91;55;0;1;807595.00;
901;Joao;Oliveira;Cruzeiro;35;Atacante;99;62;52;37;22;0;0;764663.00;
496;Felipe;Pereira;Cruzeiro;28;Atacante;26;53;51;28;96;1;0;930812.00;
437;Matheus;Ribeiro;Sport Club;23;Meio;97;54;80;61;16;1;1;740521.00;
741;Gustavo;Fernandes;Sport Club;38;Goleiro;65;84;46;91;36;0;0;883279.00;
847;Alfredo;Santos;Palmeiras;31;Defesa;37;65;3;33;86;0;1;368538.00;
529;Lucas;Reis;Fluminense;40;Atacante;62;2;22;93;52;1;1;183960.00;
705;Rafael;Santos;Vasco;43;Defesa;37;28;31;74;60;1;1;374210.00;
329;Felipe;Silveira;Botafogo;32;Meio;27;67;80;55;35;1;0;265672.00;
576;Mauro;Pereira;Flamengo;31;Meio;6;35;54;43;63;1;0;302840.00;
670;Matheus;Lima;Flamengo;23;Defesa;27;8;63;55;75;1;0;674417.00;
282;Mauricio;Matos;Botafogo;41;Defesa;14;82;60;87;16;1;1;517679.00;
400;Thiago;Matos;Vasco;37;Defesa;14;87;79;42;61;0;0;737233.00;
560;Paulo;Silva;Fluminense;31;Meio;40;79;10;54;61;1;1;970664.00;
482;Victor;Lima;Fluminense;36;Meio;63;82;90;78;34;1;0;941388.00;
296;Alfredo;Souza;Gremio;42;Meio;85;80;16;24;24;0;0;235851.00;
455;Fabricio;Fragoso;Palmeiras;40;Meio;95;34;4;24;15;1;1;835681.00;
533;Pedro;Pereira;Flamengo;25;Defesa;28;18;84;79;64;1;1;481598.00;
371;Marcos;Pereira;Gremio;39;Goleiro;35;51;83;97;85;1;0;807656.00;
335;Rafael;Ribeiro;Botafogo;28;Defesa;44;73;34;72;91;1;1;559302.00;
956;Joao;Lima;Botafogo;32;Goleiro;63;97;15;99;13;0;1;363890.00;
967;Pedro;Fragoso;Cruzeiro;38;Meio;37;40;39;47;12;1;1;776419.00;
370;Marcos;Santos;Corinthias;19;Goleiro;45;19;14;75;83;0;1;210668.00;
2;Felipe;Lima;Sport Club;39;Atacante;39;47;70;76;53;0;0;808500.00;
589;Mauricio;Rezende;Sport Club;18;Goleiro;6;96;21;17;81;1;1;986916.00;
391;Fabricio;Silva;Vasco;36;Meio;31;42;8;70;55;1;1;910563.00;
496;Marcos;Lima;Palmeiras;39;Meio;35;49;94;7;10;0;1;461773.00;
640;Carlos;Santos;Flamengo;43;Defesa;68;76;63;99;84;0;1;436268.00;
237;Paulo;Silveira;Sao Paulo;38;Meio;100;87;21;0;1;0;1;65616.00;
260;Lucas;Fernandes;Fluminense;27;Defesa;55;93;34;89;34;1;1;77586.00;
421;Fabricio;Rezende;Gremio;32;Defesa;13;9;52;12;96;1;1;563948.00;
889;Lucas;Matos;Flamengo;32;Goleiro;22;63;67;77;55;0;1;593172.00;
787;Joao;Silveira;Gremio;26;Goleiro;76;67;63;55;77;0;0;905180.00;
971;Carlos;Fragoso;Fluminense;17;Atacante;16;79;88;38;41;1;1;923760.00;
341;Felipe;Ribeiro;Sport Club;40;Meio;46;30;16;88;98;1;1;433090.00;
763;Carlos;Silva;Cruzeiro;20;Meio;14;82;89;30;27;1;1;975916.00;
286;Douglas;Carvalho;Palmeiras;45;Goleiro;69;20;34;15;51;0;0;19255.00;
431;Mauro;Silva;Corinthias;39;Meio;96;72;77;9;53;0;0;129384.00;
363;Daniel;Santos;Flamengo;37;Defesa;22;14;22;92;35;0;1;69738.00;
12;Rafael;Silva;Corinthias;21;Defesa;86;72;84;82;9;0;1;496108.00;
946;Matheus;Silva;Sport Club;16;Defesa;71;92;99;59;72;1;1;789140.00;
415;Mauro;Lima;Gremio;24;Meio;15;49;9;67;87;1;1;67747.00;
59;Matheus;Fernandes;Palmeiras;36;Goleiro;44;3;54;81;61;1;0;51089.00;
146;Victor;Carvalho;Fluminense;28;Atacante;28;75;87;9;24;1;0;606982.00;
688;Victor;Ribeiro;Sport Club;45;Defesa;85;61;28;95;30;0;0;481839.00;
921;Carlos;Rezende;Sport Club;37;Meio;49;80;23;43;21;1;1;933892.00;
125;Lucas;Reis;Sao Paulo;42;Atacante;33;11;90;84;72;1;0;941611.00;
187;Lucas;Silva;Gremio;35;Meio;66;34;41;81;14;0;1;923002.00;
389;Lucas;Reis;Cruzeiro;22;Atacante;3;53;27;36;64;1;0;646650.00;
377;Ygor;Reis;Cruzeiro;19;Meio;61;15;9;26;50;1;0;24185.00;
715;Gustavo;Ribeiro;Sao Paulo;40;Goleiro;98;75;43;0;28;0;0;37036.00;
826;Matheus;Fragoso;Sao Paulo;21;Meio;49;1;25;9;84;0;1;263746.00;
307;Felipe;Santos;Vasco;27;Defesa;17;9;70;14;51;0;1;451935.00;
255;Gustavo;Silveira;Vasco;22;Defesa;52;57;59;0;58;0;0;538333.00;
646;Carlos;Pereira;Corinthias;25;Defesa;64;56;61;81;31;1;0;242178.00;
600;Gabriel;Fragoso;Sao Paulo;19;Goleiro;91;30;58;8;87;0;1;944460.00;
949;Gabriel;Silveira;Sao Paulo;45;Goleiro;16;80;93;80;35;0;1;247034.00;
507;Fabricio;Rezende;Palmeiras;37;Defesa;82;21;2;38;52;0;0;912489.00;
838;Ygor;Pereira;Palmeiras;39;Meio;58;100;58;40;80;1;1;77540.00;
31;Victor;Fernandes;Flamengo;40;Meio;78;63;1;26;84;0;1;639156.00;
14;Mauro;Fragoso;Cruzeiro;24;Meio;45;68;54;69;68;0;1;615205.00;
678;Victor;Lima;Flamengo;35;Atacante;50;40;1;95;2;0;0;662154.00;
784;Matheus;Ribeiro;Botafogo;17;Atacante;36;56;47;81;24;0;1;617283.00;
421;Rafael;Souza;Flamengo;19;Goleiro;70;25;37;20;66;0;0;650833.00;
216;Douglas;Carvalho;Fluminense;35;Defesa;9;77;66;46;99;0;1;207749.00;
329;Pedro;Pereira;Fluminense;28;Atacante;64;83;14;33;8;1;0;251174.00;
600;Victor;Ribeiro;Gremio;26;Meio;4;16;67;13;59;1;0;989957.00;
338;Fabricio;Matos;Palmeiras;35;Meio;48;91;76;78;73;0;1;628314.00;
953;Victor;Souza;Vasco;36;Atacante;55;28;20;59;10;0;0;775256.00;
963;Gustavo;Silva;Flamengo;43;Atacante;52;7;63;66;98;0;1;512443.00;
918;Gustavo;Fragoso;Vasco;19;Defesa;93;10;29;47;4;1;0;382673.00;
945;Felipe;Matos;Sport Club;27;Meio;48;88;44;67;61;1;0;99613.00;
331;Douglas;Oliveira;Flamengo;19;Meio;34;77;12;26;53;0;1;897954.00;
613;Gustavo;Matos;Flamengo;37;Goleiro;78;59;27;25;12;1;1;501988.00;
175;Alfredo;Souza;Corinthias;38;Defesa;89;60;0;89;2;1;1;555290.00;
915;Felipe;Reis;Botafogo;29;Atacante;35;47;3;12;72;1;0;77459.00;
228;Marcos;Pereira;Vasco;17;Atacante;96;50;79;50;9;0;1;942197.00;
643;Mauro;Fragoso;Gremio;16;Atacante;90;65;95;24;78;1;0;22221.00;
794;Douglas;Oliveira;Sao Paulo;43;Meio;2;21;78;98;37;0;0;753429.00;
695;Pedro;Reis;Botafogo;23;Defesa;38;72;1;94;2;1;0;731382.00;
61;Fabricio;Fragoso;Palmeiras;28;Meio;79;97;20;82;84;1;1;608477.00;
156;Joao;Santos;Vasco;37;Goleiro;80;45;13;84;83;0;0;153313.00;
114;Thiago;Silva;Palmeiras;37;Defesa;88;8;58;67;71;1;0;371899.00;
560;Gabriel;Silveira;Gremio;29;Meio;48;94;30;95;38;1;1;781236.00;
774;Alfredo;Reis;Botafogo;39;Atacante;69;96;99;56;3;1;0;4172.00;
42;Felipe;Fernandes;Sao Paulo;30;Atacante;0;11;6;15;4;1;0;720242.00;
586;Mauricio;Fernandes;Botafogo;33;Atacante;35;55;71;70;51;1;1;645283.00;
515;Gabriel;Reis;Palmeiras;30;Meio;97;11;87;64;22;0;1;956016.00;
237;Gabriel;Silva;Cruzeiro;36;Goleiro;8;47;97;10;1;1;0;632201.00;
486;Thiago;Silva;Vasco;23;Goleiro;15;2;86;78;80;0;1;929712.00;
430;Lucas;Silva;Botafogo;31;Meio;100;79;92;7;92;0;1;564948.00;
217;Lucas;Lima;Corinthias;23;Meio;80;20;48;95;89;0;0;559130.00;
712;Gustavo;Lima;Sao Paulo;20;Meio;29;3;25;28;48;1;1;442315.00;
461;Rafael;Rezende;Sport Club;19;Defesa;12;16;24;92;3;1;1;189384.00;
189;Rafael;Ribeiro;Fluminense;44;Defesa;45;69;58;40;73;0;1;113825.00;
107;Ygor;Fragoso;Gremio;17;Goleiro;94;35;66;5;52;0;1;674144.00;
661;Felipe;Silva;Fluminense;19;Meio;5;44;66;16;80;1;1;978326.00;
803;Douglas;Santos;Botafogo;41;Atacante;42;79;20;36;81;0;0;101170.00;
608;Matheus;Rezende;Flamengo;25;Defesa;31;26;69;36;37;1;0;184326.00;
602;Gabriel;Oliveira;Palmeiras;42;Meio;36;90;35;79;34;1;0;871374.00;
238;Joao;Rezende;Corinthias;22;Defesa;15;78;96;46;4;1;0;577798.00;
154;Mauro;Pereira;Sport Club;36;Atacante;18;39;94;21;28;1;0;748294.00;
693;Felipe;Rezende;Vasco;38;Goleiro;37;58;19;52;36;1;1;221600.00;
232;Mauro;Silveira;Corinthias;38;Defesa;62;19;58;47;24;1;0;457865.00;
369;Felipe;Oliveira;Cruzeiro;20;Goleiro;51;11;77;88;70;0;0;170577.00;
407;Carlos;Oliveira;Sport Club;39;Meio;94;60;59;21;45;1;1;215539.00;
384;Marcos;Reis;Vasco;23;Atacante;5;45;90;56;57;0;1;420409.00;
126;Gabriel;Fragoso;Cruzeiro;26;Meio;90;67;64;83;93;1;1;376482.00;
694;Joao;Santos;Botafogo;22;Defesa;14;6;61;19;18;0;0;562951.00;
804;Gustavo;Oliveira;Botafogo;18;Defesa;82;86;2;72;18;1;1;224698.00;
954;Mauro;Reis;Botafogo;35;Defesa;59;68;80;73;40;1;0;569381.00;
635;Ygor;Oliveira;Sport Club;35;Atacante;51;52;26;100;37;1;0;26208.00;
722;Daniel;Fernandes;Gremio;28;Meio;69;76;99;28;43;0;1;333792.00;
57;Gustavo;Pereira;Cruzeiro;45;Defesa;48;43;3;66;95;1;1;348591.00;
361;Gabriel;Fernandes;Sao Paulo;22;Goleiro;63;4;30;31;46;1;1;253873.00;
465;Daniel;Santos;Vasco;40;Atacante;31;9;84;46;18;1;0;459594.00;
303;Gabriel;Ribeiro;Corinthias;30;Atacante;22;66;81;51;37;0;0;346274.00;
85;Mauricio;Souza;Flamengo;38;Defesa;100;84;88;97;93;0;0;277595.00;
714;Fabricio;Rezende;Sport Club;37;Defesa;45;2;62;33;35;0;0;208079.00;
162;Paulo;Fragoso;Botafogo;19;Goleiro;67;6;67;32;90;1;0;499704.00;
842;Mauricio;Reis;Corinthias;21;Goleiro;20;16;79;31;85;0;0;865044.00;
958;Lucas;Fragoso;Botafogo;24;Goleiro;59;54;69;92;60;0;0;734931.00;
487;Gustavo;Oliveira;Sport Club;22;Defesa;61;9;66;81;92;1;0;215781.00;
493;Marcos;Carvalho;Flamengo;21;Goleiro;36;70;97;62;23;0;1;484804.00;
626;Douglas;Lima;Cruzeiro;41;Defesa;2;14;11;64;90;0;1;348555.00;
295;Joao;Reis;Botafogo;21;Goleiro;40;18;71;76;88;0;0;54478.00;
573;Victor;Pereira;Sport Club;26;Goleiro;88;93;47;91;73;0;0;184140.00;
348;Daniel;Silva;Sao Paulo;23;Meio;62;47;18;1;66;1;0;910605.00;
472;Gustavo;Pereira;Sao Paulo;19;Defesa;85;2;10;39;61;1;1;984250.00;
39;Carlos;Silva;Palmeiras;18;Defesa;5;96;69;67;42;0;1;549741.00;
190;Paulo;Ribeiro;Fluminense;31;Meio;84;95;10;34;63;1;1;943623.00;
529;Paulo;Silva;Botafogo;19;Meio;8;60;86;13;55;1;0;592944.00;
297;Matheus;Silveira;Palmeiras;27;Goleiro;79;15;86;28;76;1;0;358769.00;
371;Rafael;Rezende;Fluminense;22;Goleiro;50;51;65;24;10;0;1;266999.00;
569;Matheus;Matos;Sport Club;18;Defesa;94;90;27;73;71;1;0;99559.00;
316;Douglas;Silva;Palmeiras;20;Goleiro;47;33;60;64;50;1;0;134343.00;
82;Gabriel;Oliveira;Vasco;32;Defesa;22;74;83;83;63;1;1;82507.00;
986;Pedro;Silveira;Vasco;32;Meio;50;14;75;98;13;0;0;300551.00;
418;Ygor;Pereira;Botafogo;28;Goleiro;9;82;32;32;55;0;1;513068.00;
947;Felipe;Fragoso;Cruzeiro;29;Defesa;6;72;25;22;52;1;1;840071.00;
112;Mauricio;Souza;Botafogo;36;Goleiro;91;67;97;100;14;0;1;784270.00;
942;Mauro;Silva;Sport Club;36;Defesa;44;0;31;16;38;0;0;121835.00;
604;Pedro;Silveira;Corinthias;37;Goleiro;47;64;65;3;97;1;1;416227.00;
303;Thiago;Oliveira;Palmeiras;37;Atacante;31;22;33;75;89;1;1;357949.00;
350;Gustavo;Fernandes;Cruzeiro;18;Meio;97;23;18;43;53;1;0;898627.00;
53;Thiago;Silva;Gremio;34;Atacante;30;57;69;61;45;1;1;956094.00;
934;Ygor;Silva;Corinthias;25;Atacante;25;42;45;21;31;1;0;376216.00;
751;Felipe;Silva;Corinthias;24;Defesa;87;69;97;16;25;1;1;658662.00;
458;Matheus;Reis;Sao Paulo;21;Atacante;82;25;69;74;33;1;0;520636.00;
982;Pedro;Rezende;Sao Paulo;31;Atacante;42;55;5;29;91;1;0;519970.00;
965;Douglas;Fragoso;Sao Paulo;35;Goleiro;96;1;47;78;93;1;0;307780.00;
300;Ygor;Ribeiro;Sao Paulo;29;Goleiro;23;68;84;66;22;0;0;88956.00;
789;Joao;Ribeiro;Cruzeiro;40;Atacante;88;24;98;83;93;1;0;782071.00;
180;Mauro;Ribeiro;Vasco;45;Goleiro;90;89;35;79;22;0;0;985966.00;
848;Lucas;Matos;Palmeiras;19;Goleiro;87;35;95;40;26;1;0;257683.00;
18;Rafael;Reis;Gremio;43;Defesa;48;78;10;3;33;0;0;145586.00;
846;Ygor;Matos;Corinthias;39;Meio;1;73;5;88;74;0;1;660990.00;
965;Alfredo;Lima;Vasco;45;Atacante;22;21;98;71;100;0;0;954840.00;
252;Paulo;Reis;Botafogo;43;Meio;55;45;75;56;17;0;1;964867.00;
88;Fabricio;Silva;Vasco;44;Meio;31;49;59;54;71;0;1;335743.00;
888;Gabriel;Fragoso;Fluminense;34;Goleiro;34;34;72;55;79;0;1;330531.00;
797;Fabricio;Silva;Sao Paulo;25;Atacante;75;8;82;72;58;1;1;995557.00;
485;Felipe;Lima;Sao Paulo;20;Meio;9;31;49;9;31;1;1;515582.00;
547;Gabriel;Silveira;Cruzeiro;27;Meio;96;84;97;36;93;0;0;126609.00;
47;Alfredo;Fernandes;Vasco;36;Defesa;4;92;36;81;89;1;1;434769.00;
346;Pedro;Santos;Cruzeiro;30;Atacante;96;21;19;57;5;0;1;856428.00;
988;Mauro;Matos;Palmeiras;20;Meio;52;45;29;23;3;0;1;650359.00;
835;Ygor;Reis;Cruzeiro;27;Atacante;92;40;2;53;28;1;1;509431.00;
649;Paulo;Pereira;Sport Club;20;Atacante;66;67;98;85;79;0;0;54058.00;
714;Matheus;Rezende;Flamengo;43;Defesa;58;82;88;49;21;0;0;26471.00;
877;Carlos;Ribeiro;Corinthias;41;Goleiro;70;16;51;35;49;0;0;698895.00;
804;Fabricio;Fragoso;Botafogo;21;Meio;1;72;29;59;53;0;1;997462.00;
604;Pedro;Santos;Vasco;26;Atacante;92;1;46;61;84;1;0;465298.00;
940;Alfredo;Silva;Cruzeiro;35;Meio;14;43;14;82;14;1;0;322865.00;
68;Rafael;Silva;Fluminense;26;Defesa;79;10;64;36;79;0;0;921347.00;
880;Lucas;Carvalho;Botafogo;16;Meio;0;82;88;81;25;0;0;803717.00;
979;Thiago;Silva;Palmeiras;40;Meio;100;5;6;44;15;1;1;192829.00;
952;Mauricio;Pereira;Cruzeiro;17;Defesa;34;44;2;34;25;1;0;334371.00;
247;Ygor;Fernandes;Sport Club;21;Atacante;69;94;5;34;99;0;0;348188.00;
419;Felipe;Souza;Vasco;17;Meio;9;70;44;43;80;1;0;931620.00;
422;Fabricio;Matos;Fluminense;16;Goleiro;26;12;3;61;72;0;0;64715.00;
540;Lucas;Silva;Flamengo;42;Goleiro;58;63;50;33;32;0;0;514402.00;
501;Victor;Ribeiro;Vasco;18;Defesa;68;45;11;94;23;0;0;587018.00;
632;Joao;Silva;Cruzeiro;20;Goleiro;39;51;0;63;13;1;1;604086.00;
793;Marcos;Souza;Cruzeiro;23;Defesa;59;35;5;27;47;0;1;902294.00;
213;Matheus;Souza;Palmeiras;41;Defesa;25;79;6;64;96;0;1;620706.00;
901;Lucas;Carvalho;Cruzeiro;22;Atacante;17;50;9;76;52;1;0;798239.00;
216;Mauro;Silva;Flamengo;17;Defesa;10;20;26;35;65;0;0;23886.00;
802;Gabriel;Oliveira;Sao Paulo;20;Atacante;96;71;25;12;20;0;1;485522.00;
586;Gustavo;Souza;Cruzeiro;21;Meio;3;42;1;13;28;0;0;409951.00;
595;Paulo;Oliveira;Sport Club;44;Goleiro;60;15;70;21;52;1;0;710705.00;
691;Gustavo;Souza;Sport Club;34;Goleiro;19;23;82;89;65;0;0;187695.00;
796;Lucas;Fragoso;Vasco;36;Meio;100;100;19;25;81;1;0;195914.00;
314;Fabricio;Silva;Sao Paulo;23;Atacante;19;11;58;4;0;0;1;684973.00;
180;Rafael;Lima;Gremio;19;Defesa;67;6;75;66;73;1;1;759580.00;
658;Marcos;Silva;Fluminense;28;Meio;73;48;34;92;25;0;1;289435.00;
794;Fabricio;Silveira;Corinthias;25;Atacante;17;27;51;84;33;1;0;655369.00;
880;Matheus;Silva;Gremio;44;Goleiro;95;88;64;68;36;1;0;175543.00;
787;Marcos;Santos;Fluminense;19;Meio;37;93;53;54;86;0;0;931082.00;
378;Victor;Fragoso;Gremio;17;Goleiro;78;63;24;72;50;0;1;498996.00;
41;Felipe;Ribeiro;Sport Club;23;Meio;24;96;5;61;54;0;1;833192.00;
209;Daniel;Santos;Palmeiras;16;Goleiro;1;58;98;79;87;1;0;855168.00;
548;Pedro;Reis;Flamengo;39;Atacante;99;73;98;89;34;0;1;410631.00;
836;Paulo;Lima;Palmeiras;37;Goleiro;10;16;0;79;41;0;0;176212.00;
203;Mauro;Silva;Vasco;44;Goleiro;87;83;17;51;55;1;1;148770.00;
643;Victor;Ribeiro;Flamengo;26;Goleiro;100;100;54;9;16;0;1;35216.00;
80;Paulo;Silveira;Vasco;28;Goleiro;28;80;64;14;63;1;1;561042.00;
764;Douglas;Souza;Palmeiras;24;Meio;24;11;16;90;11;1;1;975193.00;
485;Thiago;Santos;Sao Paulo;35;Goleiro;7;80;44;1;26;0;0;188274.00;
884;Gabriel;Reis;Gremio;32;Goleiro;29;9;58;19;88;1;1;448055.00;
12;Douglas;Souza;Gremio;35;Goleiro;38;20;4;11;0;1;0;483964.00;
717;Fabricio;Fragoso;Flamengo;26;Defesa;60;90;29;89;65;0;1;256465.00;
221;Joao;Silva;Corinthias;42;Atacante;36;79;46;40;99;0;0;978602.00;
989;Paulo;Fernandes;Corinthias;41;Atacante;98;63;22;57;18;1;0;222715.00;
183;Daniel;Reis;Palmeiras;41;Goleiro;67;86;91;69;30;1;0;760556.00;
743;Mauro;Silva;Fluminense;21;Goleiro;5;80;20;69;42;0;1;450938.00;
747;Pedro;Silveira;Vasco;42;Defesa;25;85;93;58;36;0;0;614476.00;
477;Felipe;Pereira;Flamengo;25;Defesa;55;16;38;26;96;1;1;820987.00;
205;Felipe;Carvalho;Vasco;21;Defesa;54;39;46;79;90;1;1;21723.00;
179;Thiago;Fernandes;Corinthias;23;Meio;75;54;41;97;70;1;1;515432.00;
62;Mauricio;Fernandes;Palmeiras;17;Atacante;28;55;67;82;60;0;0;11107.00;
509;Mauricio;Oliveira;Gremio;28;Goleiro;39;16;20;81;36;1;1;346825.00;
354;Joao;Rezende;Corinthias;45;Goleiro;12;82;68;40;2;0;1;463744.00;
264;Pedro;Fernandes;Sao Paulo;45;Goleiro;29;64;86;69;46;0;0;519574.00;
988;Rafael;Reis;Fluminense;17;Atacante;81;2;63;93;84;1;1;305240.00;
43;Fabricio;Matos;Gremio;26;Atacante;3;10;9;33;40;0;1;672916.00;
830;Pedro;Lima;Gremio;28;Goleiro;71;28;81;51;30;1;1;335536.00;
978;Ygor;Fernandes;Flamengo;45;Goleiro;80;96;1;84;72;0;0;628532.00;
918;Mauricio;Lima;Flamengo;26;Defesa;71;5;21;7;100;1;0;810790.00;
588;Gabriel;Santos;Corinthias;20;Meio;89;35;17;69;30;1;0;132134.00;
447;Mauro;Silveira;Gremio;31;Meio;38;48;7;75;19;1;1;943068.00;
886;Marcos;Fragoso;Cruzeiro;33;Goleiro;60;14;97;48;15;0;0;509080.00;
837;Joao;Pereira;Corinthias;24;Atacante;91;49;99;95;97;1;0;212599.00;
562;Gabriel;Silva;Gremio;32;Defesa;73;98;37;32;11;1;1;132484.00;
727;Mauro;Matos;Corinthias;44;Defesa;34;29;72;24;78;0;1;355425.00;
631;Pedro;Fernandes;Sao Paulo;38;Atacante;74;30;37;12;28;0;1;185294.00;
210;Matheus;Matos;Sport Club;29;Meio;95;81;50;95;76;1;0;354037.00;
603;Marcos;Pereira;Palmeiras;20;Defesa;42;30;6;83;61;0;1;174187.00;
664;Marcos;Reis;Corinthias;16;Atacante;40;47;26;0;94;0;1;171899.00;
619;Matheus;Silveira;Cruzeiro;27;Defesa;18;73;100;61;3;1;0;142887.00;
149;Daniel;Fernandes;Cruzeiro;24;Meio;17;36;1;23;83;0;0;479852.00;
962;Gustavo;Souza;Flamengo;43;Meio;83;78;17;1;50;1;1;828473.00;
73;Matheus;Oliveira;Cruzeiro;26;Defesa;98;82;43;15;17;0;1;185457.00;
450;Paulo;Rezende;Fluminense;23;Atacante;35;73;21;17;50;0;1;306570.00;
193;Fabricio;Fragoso;Gremio;19;Atacante;43;55;67;40;36;0;0;256048.00;
914;Joao;Silva;Cruzeiro;32;Defesa;27;64;48;28;3;1;0;486274.00;
141;Marcos;Matos;Sao Paulo;28;Atacante;100;23;39;42;78;0;0;978872.00;
887;Victor;Fernandes;Flamengo;42;Defesa;23;15;80;16;46;1;0;867748.00;
17;Mauro;Carvalho;Gremio;35;Meio;26;95;58;93;85;1;1;84216.00;
49;Rafael;Fernandes;Gremio;20;Defesa;15;48;25;4;30;1;0;185955.00;
369;Lucas;Lima;Corinthias;34;Goleiro;61;7;44;54;68;1;1;825388.00;
914;Victor;Ribeiro;Corinthias;40;Defesa;12;82;96;94;29;0;0;343859.00;
98;Rafael;Reis;Sport Club;39;Goleiro;49;70;82;76;43;1;1;629349.00;
111;Paulo;Lima;Palmeiras;17;Meio;54;49;64;33;30;1;0;388041.00;
217;Matheus;Fernandes;Palmeiras;30;Meio;57;56;42;72;92;0;1;952625.00;
647;Joao;Carvalho;Botafogo;43;Goleiro;64;37;15;17;86;1;1;693574.00;
226;Fabricio;Oliveira;Sao Paulo;39;Atacante;83;74;42;39;96;1;1;249610.00;
277;Lucas;Oliveira;Corinthias;38;Defesa;60;84;4;23;87;1;0;982450.00;
816;Paulo;Fernandes;Cruzeiro;32;Atacante;13;65;16;62;4;0;0;850308.00;
485;Gabriel;Silva;Cruzeiro;29;Defesa;99;36;72;58;86;0;1;840663.00;
363;Carlos;Silva;Botafogo;41;Defesa;24;74;90;3;4;0;1;778422.00;
307;Fabricio;Souza;Cruzeiro;45;Goleiro;49;11;34;47;13;0;0;174240.00;
552;Thiago;Silva;Sao Paulo;38;Goleiro;1;79;78;26;52;1;0;192062.00;
555;Felipe;Santos;Cruzeiro;26;Meio;38;34;33;53;45;0;0;961645.00;
228;Douglas;Fragoso;Fluminense;35;Goleiro;31;55;74;32;100;1;1;449821.00;
934;Joao;Silva;Fluminense;20;Meio;90;5;78;94;39;0;1;252232.00;
156;Pedro;Rezende;Palmeiras;33;Meio;69;32;24;66;54;1;1;662721.00;
65;Mauro;Matos;Flamengo;34;Goleiro;20;21;84;10;26;0;1;591926.00;
568;Matheus;Lima;Corinthias;42;Meio;94;41;22;29;39;0;0;774554.00;
807;Pedro;Santos;Fluminense;24;Defesa;23;22;61;43;10;1;1;432219.00;
861;Pedro;Ribeiro;Flamengo;22;Meio;85;32;75;45;39;0;0;964003.00;
586;Lucas;Carvalho;Vasco;32;Goleiro;75;41;31;64;29;0;1;451483.00;
677;Gabriel;Silva;Botafogo;28;Atacante;43;87;60;27;85;1;1;154243.00;
373;Pedro;Reis;Sport Club;30;Meio;87;73;87;27;80;1;0;668358.00;
817;Douglas;Ribeiro;Cruzeiro;33;Goleiro;44;3;65;87;56;1;1;904283.00;
428;Gustavo;Reis;Flamengo;16;Atacante;56;8;2;9;47;1;1;125644.00;
726;Douglas;Lima;Vasco;34;Goleiro;18;79;71;62;48;1;0;919777.00;
17;Gustavo;Oliveira;Sao Paulo;36;Meio;2;8;2;24;83;1;0;719928.00;
372;Fabricio;Rezende;Gremio;28;Meio;73;52;4;57;97;0;1;616317.00;
930;Matheus;Reis;Palmeiras;33;Defesa;17;37;93;19;11;1;1;287080.00;
964;Gabriel;Lima;Palmeiras;27;Atacante;86;40;2;59;58;0;1;280678.00;
427;Mauricio;Oliveira;Sport Club;38;Goleiro;25;57;64;42;95;1;0;650159.00;
70;Matheus;Santos;Sao Paulo;44;Meio;6;26;69;92;32;0;0;677997.00;
600;Felipe;Carvalho;Sport Club;17;Meio;47;29;83;72;87;0;1;50926.00;
678;Carlos;Oliveira;Gremio;18;Goleiro;0;94;40;6;86;0;1;434962.00;
424;Gustavo;Matos;Palmeiras;17;Defesa;44;9;58;92;5;0;1;853147.00;
462;Mauro;Silva;Fluminense;19;Defesa;5;30;74;5;91;0;0;359022.00;
848;Matheus;Reis;Sao Paulo;30;Meio;54;1;18;98;77;1;1;726080.00;
341;Daniel;Oliveira;Corinthias;29;Atacante;21;11;67;26;7;0;0;240996.00;
390;Victor;Reis;Sport Club;35;Meio;41;41;33;95;8;1;0;613822.00;
96;Joao;Pereira;Gremio;43;Defesa;9;90;83;30;0;1;0;160498.00;
168;Mauro;Matos;Botafogo;16;Goleiro;83;49;10;23;56;0;1;86910.00;
325;Fabricio;Rezende;Vasco;36;Defesa;93;51;88;68;40;1;0;111713.00;
716;Fabricio;Reis;Cruzeiro;40;Goleiro;15;5;98;98;20;0;0;104835.00;
888;Thiago;Carvalho;Sao Paulo;37;Goleiro;93;67;71;52;17;0;1;426152.00;
703;Mauricio;Silva;Fluminense;21;Atacante;53;46;31;68;51;0;0;35886.00;
16;Ygor;Matos;Cruzeiro;41;Meio;58;3;7;17;36;1;0;658073.00;
269;Thiago;Carvalho;Sao Paulo;39;Defesa;76;76;87;28;22;1;1;683021.00;
172;Carlos;Fragoso;Gremio;35;Defesa;63;37;41;87;40;0;0;108694.00;
139;Fabricio;Oliveira;Flamengo;40;Atacante;22;98;47;64;73;0;0;392009.00;
123;Daniel;Santos;Sao Paulo;38;Meio;74;28;66;2;66;0;1;951339.00;
749;Alfredo;Silva;Gremio;44;Atacante;38;22;82;26;86;0;0;224459.00;
106;Gustavo;Lima;Botafogo;40;Meio;3;49;96;43;43;1;0;448040.00;
10;Ygor;Lima;Sport Club;16;Goleiro;33;21;3;38;10;0;0;537874.00;
865;Mauricio;Fragoso;Vasco;32;Defesa;82;68;59;86;83;0;0;472626.00;
379;Gabriel;Santos;Flamengo;37;Defesa;36;98;7;36;18;0;1;904066.00;
312;Rafael;Santos;Sport Club;24;Defesa;46;91;50;27;59;0;1;202282.00;
750;Victor;Silva;Flamengo;31;Meio;27;52;13;63;49;1;1;517814.00;
331;Fabricio;Fragoso;Corinthias;34;Defesa;64;32;61;9;23;1;1;976534.00;
831;Lucas;Fragoso;Flamengo;24;Goleiro;94;67;89;87;18;1;1;747206.00;
579;Paulo;Fragoso;Fluminense;41;Defesa;76;95;78;40;93;0;0;626694.00;
921;Marcos;Silva;Fluminense;24;Goleiro;50;88;73;10;55;0;1;920867.00;
271;Lucas;Rezende;Fluminense;35;Meio;69;45;99;10;5;1;1;763292.00;
173;Mauro;Pereira;Sao Paulo;27;Meio;29;83;93;46;71;0;1;95830.00;
84;Lucas;Ribeiro;Gremio;41;Meio;70;23;40;4;34;1;1;141623.00;
568;Mauro;Lima;Fluminense;28;Defesa;21;46;91;16;95;0;1;452083.00;
745;Alfredo;Souza;Flamengo;17;Meio;58;32;88;95;21;1;1;767346.00;
40;Mauro;Matos;Sport Club;19;Atacante;37;73;78;24;85;1;0;425069.00;
915;Victor;Oliveira;Fluminense;20;Defesa;68;20;18;92;18;1;1;251237.00;
828;Gabriel;Fragoso;Flamengo;43;Atacante;42;6;48;79;46;0;1;527231.00;
353;Carlos;Silva;Gremio;39;Goleiro;70;63;18;37;49;0;0;221981.00;
367;Victor;Lima;Gremio;41;Defesa;37;26;50;45;33;1;0;362453.00;
535;Daniel;Rezende;Gremio;30;Goleiro;53;44;2;22;73;1;1;72795.00;
209;Matheus;Reis;Corinthias;37;Meio;34;96;92;37;89;1;0;459794.00;
519;Fabricio;Rezende;Cruzeiro;21;Meio;5;96;56;24;5;0;0;454640.00;
15;Gustavo;Silva;Cruzeiro;32;Atacante;61;55;46;95;50;0;1;251867.00;
787;Gustavo;Souza;Corinthias;26;Atacante;41;12;97;12;7;0;0;206631.00;
223;Ygor;Reis;Botafogo;45;Meio;86;73;40;46;27;0;1;300402.00;
410;Joao;Pereira;Palmeiras;38;Meio;13;1;63;54;13;1;1;611471.00;
308;Pedro;Ribeiro;Vasco;27;Defesa;6;66;43;92;38;0;0;487007.00;
702;Victor;Pereira;Cruzeiro;32;Defesa;19;31;29;99;99;1;0;882204.00;
704;Mauricio;Silva;Cruzeiro;24;Goleiro;47;66;87;20;98;0;1;997163.00;
808;Mauro;Silva;Botafogo;18;Meio;99;38;99;85;36;1;1;600643.00;
188;Joao;Rezende;Cruzeiro;33;Defesa;97;2;42;43;68;1;1;512383.00;
908;Mauricio;Fernandes;Corinthias;31;Atacante;79;80;10;77;17;0;1;417360.00;
939;Mauricio;Fernandes;Sport Club;33;Meio;57;62;43;53;64;0;1;166494.00;
53;Gabriel;Carvalho;Flamengo;34;Meio;36;20;65;14;100;0;0;147983.00;
154;Douglas;Rezende;Corinthias;17;Atacante;72;72;21;28;33;1;0;350311.00;
879;Fabricio;Lima;Vasco;25;Defesa;61;99;89;97;18;0;1;336528.00;
494;Douglas;Reis;Botafogo;36;Meio;59;45;58;98;16;1;1;518281.00;
608;Joao;Carvalho;Gremio;24;Goleiro;84;14;65;44;12;0;0;666332.00;
244;Thiago;Ribeiro;Botafogo;35;Meio;73;34;82;31;79;0;1;716129.00;
761;Mauricio;Fernandes;Botafogo;25;Meio;18;73;29;68;53;0;0;28986.00;
833;Mauro;Lima;Palmeiras;18;Defesa;15;85;19;54;19;0;0;953239.00;
135;Victor;Matos;Corinthias;39;Atacante;51;91;56;35;29;0;1;619429.00;
185;Ygor;Ribeiro;Gremio;44;Goleiro;74;99;46;55;84;0;0;377201.00;
517;Matheus;Carvalho;Fluminense;27;Goleiro;27;4;92;45;95;1;1;65549.00;
77;Matheus;Fragoso;Fluminense;41;Goleiro;66;25;55;40;24;1;1;556684.00;
129;Ygor;Carvalho;Corinthias;33;Goleiro;32;68;99;60;72;0;0;325090.00;
377;Thiago;Rezende;Palmeiras;24;Goleiro;10;59;40;43;51;0;0;146681.00;
101;Daniel;Oliveira;Botafogo;41;Defesa;20;7;63;52;75;0;0;730074.00;
179;Fabricio;Reis;Gremio;40;Meio;54;28;22;31;54;0;1;363935.00;
438;Thiago;Reis;Sport Club;26;Goleiro;40;10;14;26;17;0;0;987485.00;
669;Rafael;Santos;Botafogo;33;Atacante;73;100;80;94;95;0;1;798578.00;
250;Felipe;Souza;Sport Club;33;Goleiro;34;83;20;40;93;1;1;922428.00;
595;Fabricio;Silva;Cruzeiro;33;Atacante;0;67;88;74;67;0;1;311776.00;
304;Ygor;Rezende;Corinthias;30;Meio;51;4;87;52;87;0;0;318556.00;
431;Paulo;Matos;Corinthias;32;Goleiro;30;32;29;30;99;0;0;218709.00;
682;Rafael;Carvalho;Corinthias;37;Meio;85;44;56;2;48;0;0;688527.00;
680;Victor;Silveira;Vasco;26;Meio;36;2;59;32;0;1;0;901263.00;
939;Daniel;Carvalho;Flamengo;22;Defesa;6;59;52;58;2;0;0;813512.00;
578;Joao;Matos;Flamengo;30;Defesa;50;26;100;52;95;1;1;785227.00;
414;Victor;Silva;Cruzeiro;35;Defesa;2;77;10;76;1;0;1;367391.00;
798;Marcos;Silveira;Gremio;21;Defesa;15;27;2;32;53;1;0;273634.00;
926;Joao;Fragoso;Botafogo;22;Meio;51;56;25;20;99;0;1;133510.00;
232;Joao;Santos;Fluminense;21;Atacante;18;22;62;0;49;0;0;486162.00;
231;Mauro;Fragoso;Palmeiras;34;Goleiro;58;61;94;76;83;1;0;993584.00;
539;Matheus;Matos;Vasco;33;Meio;84;1;7;2;90;1;0;761235.00;
227;Mauro;Carvalho;Gremio;38;Goleiro;17;64;46;75;91;0;0;294381.00;
368;Ygor;Oliveira;Sport Club;21;Meio;28;16;52;78;84;1;0;140042.00;
974;Mauro;Silva;Flamengo;20;Meio;53;97;39;70;60;1;0;474043.00;
914;Gabriel;Pereira;Fluminense;19;Goleiro;57;38;11;85;54;0;1;222134.00;
635;Thiago;Fernandes;Sport Club;28;Defesa;72;4;38;91;0;1;1;777689.00;
350;Mauro;Silva;Cruzeiro;25;Goleiro;63;67;42;20;4;1;0;455641.00;
482;Pedro;Lima;Sport Club;41;Meio;51;31;27;89;1;0;1;414953.00;
111;Mauro;Rezende;Vasco;18;Meio;16;71;69;45;4;0;0;173981.00;
411;Thiago;Carvalho;Vasco;42;Goleiro;14;42;1;65;73;1;1;136720.00;
811;Mauro;Silva;Cruzeiro;21;Meio;64;11;74;46;49;0;0;391499.00;
992;Ygor;Silva;Vasco;21;Meio;58;25;55;72;67;1;0;70828.00;
716;Thiago;Souza;Sport Club;38;Goleiro;72;23;26;2;0;1;0;172189.00;
195;Joao;Souza;Sport Club;29;Goleiro;72;84;88;29;8;0;0;775216.00;
30;Victor;Reis;Gremio;23;Atacante;88;42;85;25;65;1;0;894755.00;
969;Marcos;Matos;Cruzeiro;31;Goleiro;42;73;42;13;23;0;1;712289.00;
958;Mauricio;Carvalho;Botafogo;37;Goleiro;81;31;15;68;74;0;0;663228.00;
640;Carlos;Silva;Flamengo;36;Atacante;69;6;64;10;80;1;0;923767.00;
605;Gabriel;Reis;Sao Paulo;16;Defesa;71;47;93;17;79;1;0;103436.00;
543;Paulo;Santos;Sao Paulo;19;Atacante;1;23;7;71;30;1;1;149011.00;
724;Felipe;Silveira;Flamengo;41;Defesa;78;74;14;48;20;0;1;925625.00;
97;Matheus;Fernandes;Botafogo;28;Defesa;71;21;63;38;11;0;0;839900.00;
15;Alfredo;Silveira;Flamengo;28;Goleiro;90;27;68;67;67;0;1;225237.00;
60;Douglas;Oliveira;Palmeiras;36;Atacante;57;87;73;27;74;0;0;12000.00;
198;Joao;Lima;Sao Paulo;44;Meio;24;21;65;13;15;0;0;756085.00;
224;Carlos;Oliveira;Corinthias;28;Goleiro;73;0;55;96;53;1;0;791483.00;
247;Lucas;Pereira;Palmeiras;18;Atacante;74;57;8;98;78;0;0;704483.00;
296;Victor;Reis;Botafogo;38;Meio;55;55;96;94;55;1;0;797910.00;
704;Fabricio;Silva;Vasco;38;Goleiro;67;94;45;40;16;0;0;583995.00;
26;Mauro;Souza;Sao Paulo;27;Meio;48;51;2;3;5;1;1;849351.00;
369;Daniel;Reis;Sao Paulo;39;Defesa;60;96;76;93;56;0;0;148281.00;
476;Fabricio;Santos;Cruzeiro;41;Meio;93;85;78;41;35;1;1;172852.00;
685;Lucas;Souza;Cruzeiro;44;Atacante;47;20;29;73;83;0;0;371573.00;
372;Mauro;Reis;Gremio;22;Meio;59;50;26;51;34;0;1;315934.00;
62;Alfredo;Fernandes;Palmeiras;27;Goleiro;85;98;70;31;17;0;1;177055.00;
798;Matheus;Lima;Flamengo;27;Meio;89;68;54;47;85;0;1;4174.00;
820;Paulo;Santos;Fluminense;31;Meio;58;63;67;42;60;0;1;639975.00;
134;Joao;Santos;Vasco;43;Meio;64;46;92;52;80;0;0;214992.00;
592;Daniel;Ribeiro;Vasco;17;Atacante;70;7;62;95;70;0;1;131845.00;
323;Alfredo;Reis;Sport Club;36;Atacante;35;30;94;99;42;0;0;283977.00;
42;Joao;Rezende;Sao Paulo;41;Atacante;92;29;68;27;3;0;0;434491.00;
920;Fabricio;Oliveira;Vasco;24;Defesa;53;51;21;54;47;1;0;640368.00;
47;Paulo;Ribeiro;Botafogo;32;Defesa;48;62;28;5;91;1;0;692846.00;
375;Rafael;Silveira;Corinthias;33;Meio;3;9;7;22;26;1;0;78727.00;
124;Victor;Lima;Fluminense;36;Atacante;2;81;100;50;42;1;0;18322.00;
645;Joao;Pereira;Botafogo;35;Meio;63;50;92;33;60;1;0;92562.00;
562;Douglas;Pereira;Corinthias;24;Atacante;7;89;58;9;69;1;1;444229.00;
360;Gustavo;Carvalho;Sao Paulo;36;Goleiro;54;72;92;83;22;0;0;435534.00;
481;Gustavo;Souza;Vasco;19;Defesa;72;94;44;46;82;1;0;834845.00;
46;Fabricio;Rezende;Gremio;33;Defesa;49;58;36;2;30;1;0;132941.00;
97;Matheus;Oliveira;Gremio;40;Meio;26;71;56;99;64;0;1;774470.00;
547;Gustavo;Silva;Sao Paulo;45;Goleiro;69;37;25;17;95;1;1;884831.00;
107;Ygor;Rezende;Cruzeiro;31;Meio;18;6;39;44;43;0;1;207868.00;
488;Victor;Fragoso;Palmeiras;42;Goleiro;55;27;2;91;30;0;1;992295.00;
294;Daniel;Silveira;Flamengo;43;Meio;71;66;64;55;38;1;1;435387.00;
486;Felipe;Ribeiro;Cruzeiro;25;Goleiro;53;8;52;7;1;1;0;333999.00;
571;Mauro;Santos;Sao Paulo;19;Atacante;76;26;61;13;58;0;0;371909.00;
175;Thiago;Souza;Flamengo;24;Atacante;48;32;0;0;40;0;0;608436.00;
961;Mauricio;Silva;Fluminense;21;Goleiro;55;5;33;97;31;1;0;134632.00;
975;Rafael;Silveira;Flamengo;40;Goleiro;1;16;87;49;48;1;0;514783.00;
967;Mauricio;Silva;Botafogo;40;Meio;99;69;62;53;40;1;1;115557.00;
692;Matheus;Reis;Gremio;22;Defesa;50;12;99;51;28;1;0;603825.00;
940;Victor;Souza;Palmeiras;37;Atacante;23;98;58;21;32;1;0;137317.00;
36;Thiago;Reis;Botafogo;16;Meio;37;85;74;87;63;1;1;784643.00;
766;Gustavo;Silva;Corinthias;41;Goleiro;74;23;87;97;20;1;1;637425.00;
186;Carlos;Pereira;Cruzeiro;36;Goleiro;41;30;99;44;14;0;1;369060.00;
579;Ygor;Silva;Sao Paulo;35;Atacante;64;23;96;37;46;0;0;250632.00;
824;Gabriel;Rezende;Botafogo;45;Meio;29;89;7;36;18;1;1;846886.00;
315;Lucas;Reis;Cruzeiro;28;Defesa;23;49;7;87;39;1;0;315533.00;
857;Mauro;Silva;Flamengo;23;Defesa;63;79;10;58;34;0;1;882376.00;
927;Joao;Souza;Fluminense;39;Goleiro;89;60;66;78;9;1;1;423249.00;
384;Gabriel;Ribeiro;Cruzeiro;25;Atacante;32;12;83;95;91;0;0;497499.00;
671;Thiago;Silveira;Botafogo;22;Meio;100;100;51;88;59;0;1;866369.00;
817;Victor;Fragoso;Fluminense;42;Goleiro;21;89;61;53;0;1;1;639444.00;
344;Matheus;Silva;Palmeiras;25;Meio;10;27;50;9;26;1;0;102056.00;
443;Daniel;Souza;Botafogo;35;Atacante;3;4;79;24;60;0;0;322631.00;
242;Carlos;Silva;Gremio;38;Meio;29;33;89;5;60;1;1;540280.00;
88;Carlos;Matos;Flamengo;40;Meio;97;29;88;67;34;1;0;210280.00;
327;Ygor;Fernandes;Sport Club;43;Meio;3;15;34;99;48;0;1;265418.00;
977;Joao;Silva;Sao Paulo;25;Meio;55;2;84;18;31;0;0;986503.00;
843;Ygor;Fragoso;Botafogo;27;Meio;62;0;79;31;15;0;0;323250.00;
460;Marcos;Silva;Gremio;21;Defesa;59;14;25;81;83;0;0;822379.00;
494;Mauro;Silva;Palmeiras;24;Defesa;58;32;10;19;100;1;1;849306.00;
603;Gustavo;Souza;Cruzeiro;20;Atacante;61;30;77;86;10;1;1;210548.00;
